{
	"credit": "Made with Blockbench",
	"textures": {
		"0": "block/acacia_stem_1",
		"1": "block/acacia_stem_2",
		"2": "block/acacia_leaves_1",
		"3": "block/acacia_leaves_2",
		"particle": "block/acacia_leaves_2"
	},
	"elements": [
		{
			"name": "acacia_stem_1",
			"from": [7, -1, 7],
			"to": [9, 10, 9],
			"rotation": {"angle": 22.5, "axis": "z", "origin": [7, 0, 7]},
			"faces": {
				"north": {"uv": [0, 0, 2, 11], "texture": "#0"},
				"east": {"uv": [2, 0, 4, 11], "texture": "#0"},
				"south": {"uv": [4, 0, 6, 11], "texture": "#0"},
				"west": {"uv": [6, 0, 8, 11], "texture": "#0"},
				"up": {"uv": [10, 2, 8, 0], "texture": "#0"},
				"down": {"uv": [10, 2, 8, 4], "texture": "#0"}
			}
		},
		{
			"name": "acacia_stem_2",
			"from": [5, 5, 8],
			"to": [7, 9, 10],
			"rotation": {"angle": 45, "axis": "x", "origin": [5, 6, 8]},
			"faces": {
				"north": {"uv": [0, 0, 2, 4], "texture": "#1"},
				"east": {"uv": [2, 0, 4, 4], "texture": "#1"},
				"south": {"uv": [0, 4, 2, 8], "texture": "#1"},
				"west": {"uv": [4, 0, 6, 4], "texture": "#1"},
				"up": {"uv": [4, 6, 2, 4], "texture": "#1"},
				"down": {"uv": [6, 4, 4, 6], "texture": "#1"}
			}
		},
		{
			"name": "acacia_leaves_1",
			"from": [1, 8, 4],
			"to": [9, 14, 11],
			"rotation": {"angle": 0, "axis": "y", "origin": [1, 8, 4]},
			"faces": {
				"north": {"uv": [4, 0, 8, 3], "texture": "#2"},
				"east": {"uv": [4, 6, 7.5, 9], "texture": "#2"},
				"south": {"uv": [4, 3, 8, 6], "texture": "#2"},
				"west": {"uv": [0, 7, 3.5, 10], "texture": "#2"},
				"up": {"uv": [4, 3.5, 0, 0], "texture": "#2"},
				"down": {"uv": [4, 3.5, 0, 7], "texture": "#2"}
			}
		},
		{
			"name": "acacia_leaves_1 inverted",
			"from": [9, 14, 11],
			"to": [1, 8, 4],
			"rotation": {"angle": 0, "axis": "y", "origin": [1, 8, 4]},
			"faces": {
				"north": {"uv": [4, 6, 8, 3], "texture": "#2"},
				"east": {"uv": [0, 10, 3.5, 7], "texture": "#2"},
				"south": {"uv": [4, 3, 8, 0], "texture": "#2"},
				"west": {"uv": [4, 9, 7.5, 6], "texture": "#2"},
				"up": {"uv": [0, 3.5, 4, 7], "texture": "#2"},
				"down": {"uv": [0, 3.5, 4, 0], "texture": "#2"}
			}
		},
		{
			"name": "acacia_leaves_2",
			"from": [5, 6, 10],
			"to": [10, 10, 14],
			"rotation": {"angle": 0, "axis": "y", "origin": [5, 6, 10]},
			"faces": {
				"north": {"uv": [0, 0, 5, 4], "texture": "#3"},
				"east": {"uv": [0, 8, 4, 12], "texture": "#3"},
				"south": {"uv": [0, 4, 5, 8], "texture": "#3"},
				"west": {"uv": [4, 8, 8, 12], "texture": "#3"},
				"up": {"uv": [10, 4, 5, 0], "texture": "#3"},
				"down": {"uv": [10, 4, 5, 8], "texture": "#3"}
			}
		},
		{
			"name": "acacia_leaves_2 inverted",
			"from": [10, 10, 14],
			"to": [5, 6, 10],
			"rotation": {"angle": 0, "axis": "y", "origin": [5, 6, 10]},
			"faces": {
				"north": {"uv": [0, 8, 5, 4], "texture": "#3"},
				"east": {"uv": [4, 12, 8, 8], "texture": "#3"},
				"south": {"uv": [0, 4, 5, 0], "texture": "#3"},
				"west": {"uv": [0, 12, 4, 8], "texture": "#3"},
				"up": {"uv": [5, 4, 10, 8], "texture": "#3"},
				"down": {"uv": [5, 4, 10, 0], "texture": "#3"}
			}
		}
	]
}