{
	"credit": "Made by Ecorn",
	"textures": {
		"0": "block/acacia_door_top",
		"1": "block/acacia_door_side",
		"particle": "block/acacia_door_top"
	},
	"elements": [
		{
			"from": [0, 0, 0],
			"to": [3, 1, 16],
			"faces": {
				"north": {"uv": [9, 15, 12, 16], "texture": "#1"},
				"east": {"uv": [0, 15, 16, 16], "texture": "#0"},
				"south": {"uv": [3, 15, 6, 16], "texture": "#1"},
				"west": {"uv": [16, 15, 0, 16], "texture": "#0"},
				"up": {"uv": [13, 0, 16, 16], "texture": "#0"}
			}
		},
		{
			"from": [0, 13, 0],
			"to": [3, 16, 16],
			"faces": {
				"north": {"uv": [9, 0, 12, 3], "texture": "#1"},
				"east": {"uv": [0, 0, 16, 3], "texture": "#0"},
				"south": {"uv": [3, 0, 6, 3], "texture": "#1"},
				"west": {"uv": [16, 0, 0, 3], "texture": "#0"},
				"up": {"uv": [12, 0, 15, 16], "rotation": 180, "texture": "#1"},
				"down": {"uv": [13, 0, 16, 16], "texture": "#0"}
			}
		},
		{
			"from": [0, 1, 0],
			"to": [3, 13, 3],
			"faces": {
				"north": {"uv": [9, 3, 12, 15], "texture": "#1"},
				"east": {"uv": [13, 3, 16, 15], "texture": "#0"},
				"south": {"uv": [12, 1, 15, 13], "texture": "#1"},
				"west": {"uv": [16, 3, 13, 15], "texture": "#0"}
			}
		},
		{
			"from": [0, 1, 13],
			"to": [3, 13, 16],
			"faces": {
				"north": {"uv": [12, 1, 15, 13], "texture": "#1"},
				"east": {"uv": [0, 3, 3, 15], "texture": "#0"},
				"south": {"uv": [3, 3, 6, 15], "texture": "#1"},
				"west": {"uv": [3, 3, 0, 15], "texture": "#0"}
			}
		},
		{
			"from": [0, 1, 9],
			"to": [3, 13, 11],
			"faces": {
				"north": {"uv": [12, 3, 15, 15], "texture": "#1"},
				"east": {"uv": [5, 3, 7, 15], "texture": "#0"},
				"south": {"uv": [12, 2, 15, 14], "texture": "#1"},
				"west": {"uv": [11, 3, 9, 15], "texture": "#0"}
			}
		},
		{
			"from": [0, 1, 5],
			"to": [3, 13, 7],
			"faces": {
				"north": {"uv": [12, 2, 15, 14], "texture": "#1"},
				"east": {"uv": [9, 3, 11, 15], "texture": "#0"},
				"south": {"uv": [12, 3, 15, 15], "texture": "#1"},
				"west": {"uv": [7, 3, 5, 15], "texture": "#0"}
			}
		},
		{
			"from": [-0.5, 0, 1],
			"to": [0, 1, 4],
			"faces": {
				"north": {"uv": [14, 15, 15, 16], "texture": "#0"},
				"south": {"uv": [12, 15, 13, 16], "texture": "#0"},
				"west": {"uv": [12, 15, 15, 16], "rotation": 180, "texture": "#0"},
				"up": {"uv": [12, 15, 15, 16], "rotation": 270, "texture": "#0"},
				"down": {"uv": [12, 15, 15, 16], "rotation": 90, "texture": "#0"}
			}
		},
		{
			"from": [3, 0, 1],
			"to": [3.5, 1, 4],
			"faces": {
				"north": {"uv": [14, 15, 15, 16], "texture": "#0"},
				"east": {"uv": [12, 15, 15, 16], "texture": "#0"},
				"south": {"uv": [12, 15, 13, 16], "texture": "#0"},
				"up": {"uv": [12, 15, 15, 16], "rotation": 270, "texture": "#0"},
				"down": {"uv": [12, 15, 15, 16], "rotation": 90, "texture": "#0"}
			}
		}
	]
}
