{
	"credit": "Made by Ecorn",
	"textures": {
		"0": "block/acacia_trapdoor",
		"particle": "block/acacia_trapdoor"
	},
	"elements": [
		{
			"from": [0, 13, 0],
			"to": [2, 16, 16],
			"rotation": {"angle": 0, "axis": "x", "origin": [0, 13, 0]},
			"faces": {
				"north": {"uv": [0, 0, 2, 3], "rotation": 180, "texture": "#0"},
				"east": {"uv": [3, 0, 13, 3], "rotation": 180, "texture": "#0"},
				"south": {"uv": [14, 0, 16, 3], "rotation": 180, "texture": "#0"},
				"west": {"uv": [0, 0, 16, 3], "rotation": 180, "texture": "#0"},
				"up": {"uv": [0, 16, 2, 0], "texture": "#0"},
				"down": {"uv": [0, 0, 2, 16], "texture": "#0"}
			}
		},
		{
			"from": [4, 13, 0],
			"to": [7, 16, 16],
			"rotation": {"angle": 0, "axis": "x", "origin": [0, 13, 0]},
			"faces": {
				"north": {"uv": [4, 0, 7, 3], "rotation": 180, "texture": "#0"},
				"east": {"uv": [4, 13, 7, 3], "rotation": 90, "texture": "#0"},
				"south": {"uv": [9, 0, 12, 3], "rotation": 180, "texture": "#0"},
				"west": {"uv": [4, 13, 7, 2], "rotation": 270, "texture": "#0"},
				"up": {"uv": [9, 0, 12, 16], "rotation": 180, "texture": "#0"},
				"down": {"uv": [4, 0, 7, 16], "texture": "#0"}
			}
		},
		{
			"from": [9, 13, 0],
			"to": [12, 16, 16],
			"rotation": {"angle": 0, "axis": "x", "origin": [0, 13, 0]},
			"faces": {
				"north": {"uv": [9, 0, 12, 3], "rotation": 180, "texture": "#0"},
				"east": {"uv": [9, 13, 12, 3], "rotation": 90, "texture": "#0"},
				"south": {"uv": [4, 0, 7, 3], "rotation": 180, "texture": "#0"},
				"west": {"uv": [9, 13, 12, 3], "rotation": 270, "texture": "#0"},
				"up": {"uv": [4, 0, 7, 16], "rotation": 180, "texture": "#0"},
				"down": {"uv": [9, 0, 12, 16], "texture": "#0"}
			}
		},
		{
			"from": [14, 13, 0],
			"to": [16, 16, 16],
			"rotation": {"angle": 0, "axis": "x", "origin": [0, 13, 0]},
			"faces": {
				"north": {"uv": [14, 0, 16, 3], "rotation": 180, "texture": "#0"},
				"east": {"uv": [0, 0, 16, 3], "rotation": 180, "texture": "#0"},
				"south": {"uv": [0, 0, 2, 3], "rotation": 180, "texture": "#0"},
				"west": {"uv": [3, 0, 13, 3], "rotation": 180, "texture": "#0"},
				"up": {"uv": [14, 16, 16, 0], "texture": "#0"},
				"down": {"uv": [14, 0, 16, 16], "texture": "#0"}
			}
		},
		{
			"from": [12, 13, 0],
			"to": [14, 16, 3],
			"rotation": {"angle": 0, "axis": "x", "origin": [0, 13, 0]},
			"faces": {
				"north": {"uv": [12, 0, 14, 3], "rotation": 180, "texture": "#0"},
				"south": {"uv": [12, 0, 14, 3], "rotation": 180, "texture": "#0"},
				"up": {"uv": [2, 13, 4, 16], "rotation": 180, "texture": "#0"},
				"down": {"uv": [12, 13, 14, 16], "texture": "#0"}
			}
		},
		{
			"from": [12, 13, 13],
			"to": [14, 16, 16],
			"rotation": {"angle": 0, "axis": "x", "origin": [0, 13, 0]},
			"faces": {
				"north": {"uv": [12, 0, 14, 3], "rotation": 180, "texture": "#0"},
				"south": {"uv": [2, 0, 4, 3], "rotation": 180, "texture": "#0"},
				"up": {"uv": [12, 0, 14, 3], "texture": "#0"},
				"down": {"uv": [12, 0, 14, 3], "texture": "#0"}
			}
		},
		{
			"from": [7, 13, 0],
			"to": [9, 16, 3],
			"rotation": {"angle": 0, "axis": "x", "origin": [0, 13, 0]},
			"faces": {
				"north": {"uv": [7, 0, 9, 3], "rotation": 180, "texture": "#0"},
				"south": {"uv": [7, 0, 9, 3], "rotation": 180, "texture": "#0"},
				"up": {"uv": [7, 13, 9, 16], "rotation": 180, "texture": "#0"},
				"down": {"uv": [7, 13, 9, 16], "texture": "#0"}
			}
		},
		{
			"from": [7, 13, 13],
			"to": [9, 16, 16],
			"rotation": {"angle": 0, "axis": "x", "origin": [0, 13, 0]},
			"faces": {
				"north": {"uv": [7, 0, 9, 3], "rotation": 180, "texture": "#0"},
				"south": {"uv": [7, 0, 9, 3], "rotation": 180, "texture": "#0"},
				"up": {"uv": [7, 0, 9, 3], "texture": "#0"},
				"down": {"uv": [7, 0, 9, 3], "texture": "#0"}
			}
		},
		{
			"from": [2, 13, 0],
			"to": [4, 16, 3],
			"rotation": {"angle": 0, "axis": "x", "origin": [0, 13, 0]},
			"faces": {
				"north": {"uv": [2, 0, 4, 3], "rotation": 180, "texture": "#0"},
				"south": {"uv": [2, 13, 4, 16], "rotation": 180, "texture": "#0"},
				"up": {"uv": [12, 13, 14, 16], "rotation": 180, "texture": "#0"},
				"down": {"uv": [2, 13, 4, 16], "texture": "#0"}
			}
		},
		{
			"from": [2, 13, 13],
			"to": [4, 16, 16],
			"rotation": {"angle": 0, "axis": "x", "origin": [0, 13, 0]},
			"faces": {
				"north": {"uv": [2, 0, 4, 3], "rotation": 180, "texture": "#0"},
				"south": {"uv": [12, 0, 14, 3], "rotation": 180, "texture": "#0"},
				"up": {"uv": [2, 0, 4, 3], "texture": "#0"},
				"down": {"uv": [2, 0, 4, 3], "texture": "#0"}
			}
		},
		{
			"from": [5, 16, 0.01],
			"to": [11, 16.5, 2.01],
			"rotation": {"angle": 0, "axis": "x", "origin": [0, 13, 0]},
			"faces": {
				"north": {"uv": [5, 14, 11, 15], "texture": "#0"},
				"east": {"uv": [5, 14, 7, 15], "rotation": 180, "texture": "#0"},
				"south": {"uv": [5, 14, 11, 15], "texture": "#0"},
				"west": {"uv": [5, 14, 7, 15], "texture": "#0"},
				"up": {"uv": [5, 16, 11, 14], "texture": "#0"}
			}
		},
		{
			"from": [5, 12.5, 0.01],
			"to": [11, 13, 2.01],
			"rotation": {"angle": 0, "axis": "x", "origin": [0, 13, 0]},
			"faces": {
				"north": {"uv": [5, 14, 11, 15], "texture": "#0"},
				"east": {"uv": [5, 14, 7, 15], "rotation": 180, "texture": "#0"},
				"south": {"uv": [5, 14, 11, 15], "texture": "#0"},
				"west": {"uv": [5, 14, 7, 15], "texture": "#0"},
				"down": {"uv": [5, 14, 11, 16], "texture": "#0"}
			}
		}
	],
	"display": {
		"thirdperson_righthand": {
			"rotation": [75, 45, 0],
			"translation": [0, 2.5, 2.5],
			"scale": [0.375, 0.375, 0.375]
		},
		"thirdperson_lefthand": {
			"rotation": [75, 45, 0],
			"translation": [0, 2.5, 0],
			"scale": [0.375, 0.375, 0.375]
		},
		"firstperson_righthand": {
			"rotation": [0, 45, 0],
			"translation": [0, 3.5, 0],
			"scale": [0.4, 0.4, 0.4]
		},
		"firstperson_lefthand": {
			"rotation": [0, 225, 0],
			"translation": [0, 3.5, 0],
			"scale": [0.4, 0.4, 0.4]
		},
		"ground": {
			"translation": [0, 3, 0],
			"scale": [0.25, 0.25, 0.25]
		},
		"gui": {
			"rotation": [30, 225, 0],
			"scale": [0.625, 0.625, 0.625]
		},
		"fixed": {
			"scale": [0.5, 0.5, 0.5]
		}
	}
}