{
	"credit": "Made by Ecorn",
	"textures": {
		"0": "block/acacia_door_bottom",
		"1": "block/acacia_door_side",
		"particle": "block/acacia_door_bottom"
	},
	"elements": [
		{
			"from": [0, 0, 0],
			"to": [3, 3, 16],
			"faces": {
				"north": {"uv": [3, 13, 0, 16], "texture": "#1"},
				"east": {"uv": [16, 13, 0, 16], "texture": "#0"},
				"south": {"uv": [6, 13, 9, 16], "texture": "#1"},
				"west": {"uv": [0, 13, 16, 16], "texture": "#0"},
				"up": {"uv": [12, 0, 15, 16], "texture": "#1"},
				"down": {"uv": [6, 0, 9, 16], "rotation": 180, "texture": "#1"}
			}
		},
		{
			"from": [0, 15, 0],
			"to": [3, 16, 16],
			"faces": {
				"north": {"uv": [3, 0, 0, 1], "texture": "#1"},
				"east": {"uv": [16, 0, 0, 1], "texture": "#0"},
				"south": {"uv": [6, 0, 9, 1], "texture": "#1"},
				"west": {"uv": [0, 0, 16, 1], "texture": "#0"},
				"down": {"uv": [12, 0, 15, 16], "texture": "#1"}
			}
		},
		{
			"from": [0, 3, 0],
			"to": [3, 15, 3],
			"faces": {
				"north": {"uv": [3, 1, 0, 13], "texture": "#1"},
				"east": {"uv": [3, 1, 0, 13], "texture": "#0"},
				"south": {"uv": [12, 1, 15, 13], "texture": "#1"},
				"west": {"uv": [0, 1, 3, 13], "texture": "#0"}
			}
		},
		{
			"from": [0, 3, 13],
			"to": [3, 15, 16],
			"faces": {
				"north": {"uv": [15, 1, 12, 13], "texture": "#1"},
				"east": {"uv": [16, 1, 13, 13], "texture": "#0"},
				"south": {"uv": [6, 1, 9, 13], "texture": "#1"},
				"west": {"uv": [13, 1, 16, 13], "texture": "#0"}
			}
		},
		{
			"from": [0, 3, 9],
			"to": [3, 15, 11],
			"faces": {
				"north": {"uv": [12, 3, 15, 15], "texture": "#1"},
				"east": {"uv": [7, 1, 5, 13], "texture": "#0"},
				"south": {"uv": [12, 2, 15, 14], "texture": "#1"},
				"west": {"uv": [9, 1, 11, 13], "texture": "#0"}
			}
		},
		{
			"from": [0, 3, 5],
			"to": [3, 15, 7],
			"faces": {
				"north": {"uv": [12, 2, 15, 14], "texture": "#1"},
				"east": {"uv": [11, 1, 9, 13], "texture": "#0"},
				"south": {"uv": [12, 3, 15, 15], "texture": "#1"},
				"west": {"uv": [5, 1, 7, 13], "texture": "#0"}
			}
		},
		{
			"from": [3, 15, 14],
			"to": [3.5, 16, 15],
			"faces": {
				"north": {"uv": [14, 0, 15, 1], "texture": "#0"},
				"east": {"uv": [14, 0, 15, 1], "texture": "#0"},
				"south": {"uv": [14, 0, 15, 1], "texture": "#0"},
				"down": {"uv": [14, 0, 15, 1], "texture": "#0"}
			}
		},
		{
			"from": [-0.5, 15, 14],
			"to": [0, 16, 15],
			"faces": {
				"north": {"uv": [14, 0, 15, 1], "texture": "#0"},
				"south": {"uv": [14, 0, 15, 1], "texture": "#0"},
				"west": {"uv": [14, 0, 15, 1], "texture": "#0"},
				"down": {"uv": [14, 0, 15, 1], "texture": "#0"}
			}
		}
	]
}