{
	"credit": "Made by Ecorn",
	"textures": {
		"1": "block/bamboo_door_top",
		"2": "block/bamboo_door_side",
		"particle": "block/bamboo_door_top"
	},
	"elements": [
		{
			"from": [0.5, 1, 5],
			"to": [2.5, 12, 6],
			"rotation": {"angle": 0, "axis": "y", "origin": [3.5, -16, 16]},
			"faces": {
				"north": {"uv": [12, 2, 14, 13], "texture": "#2"},
				"east": {"uv": [10, 4, 11, 15], "texture": "#1"},
				"south": {"uv": [12, 0, 14, 11], "texture": "#2"},
				"west": {"uv": [10, 4, 11, 15], "texture": "#1"}
			}
		},
		{
			"from": [0.5, 1, 10],
			"to": [2.5, 12, 11],
			"rotation": {"angle": 0, "axis": "y", "origin": [3.5, -16, 16]},
			"faces": {
				"north": {"uv": [12, 4, 14, 15], "texture": "#2"},
				"east": {"uv": [10, 4, 11, 15], "texture": "#1"},
				"south": {"uv": [12, 2, 15, 13], "texture": "#2"},
				"west": {"uv": [10, 4, 11, 15], "texture": "#1"}
			}
		},
		{
			"from": [1, 10, 11],
			"to": [2, 11, 12],
			"rotation": {"angle": 0, "axis": "y", "origin": [3, -16, 16]},
			"faces": {
				"east": {"uv": [1, 6, 2, 7], "texture": "#1"},
				"west": {"uv": [1, 6, 2, 7], "texture": "#1"},
				"up": {"uv": [1, 6, 2, 7], "texture": "#1"},
				"down": {"uv": [1, 6, 2, 7], "texture": "#1"}
			}
		},
		{
			"from": [1, 8, 11],
			"to": [2, 9, 12],
			"rotation": {"angle": 0, "axis": "y", "origin": [3, -16, 16]},
			"faces": {
				"east": {"uv": [1, 6, 2, 7], "texture": "#1"},
				"west": {"uv": [1, 6, 2, 7], "texture": "#1"},
				"up": {"uv": [1, 6, 2, 7], "texture": "#1"},
				"down": {"uv": [1, 6, 2, 7], "texture": "#1"}
			}
		},
		{
			"from": [1, 6, 11],
			"to": [2, 7, 12],
			"rotation": {"angle": 0, "axis": "y", "origin": [3, -16, 16]},
			"faces": {
				"east": {"uv": [1, 6, 2, 7], "texture": "#1"},
				"west": {"uv": [1, 6, 2, 7], "texture": "#1"},
				"up": {"uv": [1, 6, 2, 7], "texture": "#1"},
				"down": {"uv": [1, 6, 2, 7], "texture": "#1"}
			}
		},
		{
			"from": [1, 4, 11],
			"to": [2, 5, 12],
			"rotation": {"angle": 0, "axis": "y", "origin": [3, -16, 16]},
			"faces": {
				"east": {"uv": [1, 6, 2, 7], "texture": "#1"},
				"west": {"uv": [1, 6, 2, 7], "texture": "#1"},
				"up": {"uv": [1, 6, 2, 7], "texture": "#1"},
				"down": {"uv": [1, 6, 2, 7], "texture": "#1"}
			}
		},
		{
			"from": [1, 2, 11],
			"to": [2, 3, 12],
			"rotation": {"angle": 0, "axis": "y", "origin": [3, -16, 16]},
			"faces": {
				"east": {"uv": [1, 6, 2, 7], "texture": "#1"},
				"west": {"uv": [1, 6, 2, 7], "texture": "#1"},
				"up": {"uv": [1, 6, 2, 7], "texture": "#1"},
				"down": {"uv": [1, 6, 2, 7], "texture": "#1"}
			}
		},
		{
			"from": [1, 2, 4],
			"to": [2, 3, 5],
			"rotation": {"angle": 0, "axis": "y", "origin": [3, -16, 16]},
			"faces": {
				"east": {"uv": [1, 6, 2, 7], "texture": "#1"},
				"west": {"uv": [1, 6, 2, 7], "texture": "#1"},
				"up": {"uv": [1, 6, 2, 7], "texture": "#1"},
				"down": {"uv": [1, 6, 2, 7], "texture": "#1"}
			}
		},
		{
			"from": [1, 4, 4],
			"to": [2, 5, 5],
			"rotation": {"angle": 0, "axis": "y", "origin": [3, -16, 16]},
			"faces": {
				"east": {"uv": [1, 6, 2, 7], "texture": "#1"},
				"west": {"uv": [1, 6, 2, 7], "texture": "#1"},
				"up": {"uv": [1, 6, 2, 7], "texture": "#1"},
				"down": {"uv": [1, 6, 2, 7], "texture": "#1"}
			}
		},
		{
			"from": [1, 6, 4],
			"to": [2, 7, 5],
			"rotation": {"angle": 0, "axis": "y", "origin": [3, -16, 16]},
			"faces": {
				"east": {"uv": [1, 6, 2, 7], "texture": "#1"},
				"west": {"uv": [1, 6, 2, 7], "texture": "#1"},
				"up": {"uv": [1, 6, 2, 7], "texture": "#1"},
				"down": {"uv": [1, 6, 2, 7], "texture": "#1"}
			}
		},
		{
			"from": [1, 8, 4],
			"to": [2, 9, 5],
			"rotation": {"angle": 0, "axis": "y", "origin": [3, -16, 16]},
			"faces": {
				"east": {"uv": [1, 6, 2, 7], "texture": "#1"},
				"west": {"uv": [1, 6, 2, 7], "texture": "#1"},
				"up": {"uv": [1, 6, 2, 7], "texture": "#1"},
				"down": {"uv": [1, 6, 2, 7], "texture": "#1"}
			}
		},
		{
			"from": [1, 10, 4],
			"to": [2, 11, 5],
			"rotation": {"angle": 0, "axis": "y", "origin": [3, -16, 16]},
			"faces": {
				"east": {"uv": [1, 6, 2, 7], "texture": "#1"},
				"west": {"uv": [1, 6, 2, 7], "texture": "#1"},
				"up": {"uv": [1, 6, 2, 7], "texture": "#1"},
				"down": {"uv": [1, 6, 2, 7], "texture": "#1"}
			}
		},
		{
			"from": [0, 0, 4],
			"to": [3, 1, 12],
			"rotation": {"angle": 0, "axis": "y", "origin": [3, -16, 16]},
			"faces": {
				"east": {"uv": [4, 15, 12, 16], "texture": "#1"},
				"west": {"uv": [4, 15, 12, 16], "texture": "#1"},
				"up": {"uv": [12, 4, 15, 12], "texture": "#2"}
			}
		},
		{
			"from": [0, 0, 0],
			"to": [3, 12, 4],
			"rotation": {"angle": 0, "axis": "y", "origin": [3, -16, 16]},
			"faces": {
				"north": {"uv": [3, 4, 6, 16], "texture": "#2"},
				"east": {"uv": [4, 4, 0, 16], "texture": "#1"},
				"south": {"uv": [12, 3, 15, 15], "texture": "#2"},
				"west": {"uv": [0, 4, 4, 16], "texture": "#1"}
			}
		},
		{
			"from": [0, 0, 12],
			"to": [3, 12, 16],
			"rotation": {"angle": 0, "axis": "y", "origin": [3, -16, 16]},
			"faces": {
				"north": {"uv": [12, 1, 15, 13], "texture": "#2"},
				"east": {"uv": [16, 4, 12, 16], "texture": "#1"},
				"south": {"uv": [9, 4, 12, 16], "texture": "#2"},
				"west": {"uv": [12, 4, 16, 16], "texture": "#1"}
			}
		},
		{
			"from": [0, 12, 0],
			"to": [3, 16, 16],
			"rotation": {"angle": 0, "axis": "y", "origin": [3, -16, 16]},
			"faces": {
				"north": {"uv": [3, 0, 6, 4], "texture": "#2"},
				"east": {"uv": [16, 0, 0, 4], "texture": "#1"},
				"south": {"uv": [12, 0, 9, 4], "texture": "#2"},
				"west": {"uv": [0, 0, 16, 4], "texture": "#1"},
				"up": {"uv": [9, 0, 12, 16], "rotation": 180, "texture": "#2"},
				"down": {"uv": [12, 0, 15, 16], "rotation": 180, "texture": "#2"}
			}
		},
		{
			"from": [1, 10, 6],
			"to": [2, 11, 10],
			"rotation": {"angle": 0, "axis": "y", "origin": [3, -8, 16]},
			"faces": {
				"east": {"uv": [13, 2, 14, 6], "rotation": 90, "texture": "#1"},
				"west": {"uv": [13, 2, 14, 6], "rotation": 90, "texture": "#1"},
				"up": {"uv": [14, 2, 13, 6], "rotation": 180, "texture": "#1"},
				"down": {"uv": [13, 2, 14, 6], "rotation": 180, "texture": "#1"}
			}
		},
		{
			"from": [1, 2, 6],
			"to": [2, 3, 10],
			"rotation": {"angle": 0, "axis": "y", "origin": [3, -16, 16]},
			"faces": {
				"east": {"uv": [13, 7, 14, 11], "rotation": 90, "texture": "#1"},
				"west": {"uv": [13, 7, 14, 11], "rotation": 90, "texture": "#1"},
				"up": {"uv": [14, 7, 13, 11], "rotation": 180, "texture": "#1"},
				"down": {"uv": [13, 7, 14, 11], "rotation": 180, "texture": "#1"}
			}
		}
	]
}