{
	"credit": "Made with Blockbench",
	"texture_size": [32, 32],
	"textures": {
		"0": "block/birch_stem_1",
		"1": "block/birch_leaves_1",
		"2": "block/birch_leaves_2",
		"particle": "block/birch_leaves_1"
	},
	"elements": [
		{
			"name": "birch_stem",
			"from": [7, 0, 7],
			"to": [9, 13, 9],
			"rotation": {"angle": 0, "axis": "y", "origin": [7, 0, 7]},
			"faces": {
				"north": {"uv": [0, 0, 2, 13], "texture": "#0"},
				"east": {"uv": [2, 0, 4, 13], "texture": "#0"},
				"south": {"uv": [4, 0, 6, 13], "texture": "#0"},
				"west": {"uv": [6, 0, 8, 13], "texture": "#0"},
				"up": {"uv": [10, 2, 8, 0], "texture": "#0"},
				"down": {"uv": [10, 2, 8, 4], "texture": "#0"}
			}
		},
		{
			"name": "birch_leaves_1",
			"from": [6, 12, 6],
			"to": [10, 15, 10],
			"rotation": {"angle": 0, "axis": "y", "origin": [7, 12, 7]},
			"faces": {
				"north": {"uv": [4, 0, 8, 3], "texture": "#1"},
				"east": {"uv": [4, 3, 8, 6], "texture": "#1"},
				"south": {"uv": [4, 6, 8, 9], "texture": "#1"},
				"west": {"uv": [0, 8, 4, 11], "texture": "#1"},
				"up": {"uv": [4, 4, 0, 0], "texture": "#1"},
				"down": {"uv": [4, 4, 0, 8], "texture": "#1"}
			}
		},
		{
			"name": "birch_leaves_1 inverted",
			"from": [10, 15, 10],
			"to": [6, 12, 6],
			"rotation": {"angle": 0, "axis": "y", "origin": [7, 12, 7]},
			"faces": {
				"north": {"uv": [4, 9, 8, 6], "texture": "#1"},
				"east": {"uv": [0, 11, 4, 8], "texture": "#1"},
				"south": {"uv": [4, 3, 8, 0], "texture": "#1"},
				"west": {"uv": [4, 6, 8, 3], "texture": "#1"},
				"up": {"uv": [0, 4, 4, 8], "texture": "#1"},
				"down": {"uv": [0, 4, 4, 0], "texture": "#1"}
			}
		},
		{
			"name": "birch_leaves_2",
			"from": [5, 3, 5],
			"to": [11, 12, 11],
			"rotation": {"angle": 0, "axis": "y", "origin": [7, 3, 7]},
			"faces": {
				"north": {"uv": [0, 0, 3, 4.5], "texture": "#2"},
				"east": {"uv": [3, 0, 6, 4.5], "texture": "#2"},
				"south": {"uv": [0, 4.5, 3, 9], "texture": "#2"},
				"west": {"uv": [3, 4.5, 6, 9], "texture": "#2"},
				"up": {"uv": [9, 3, 6, 0], "texture": "#2"},
				"down": {"uv": [9, 3, 6, 6], "texture": "#2"}
			}
		},
		{
			"name": "birch_leaves_2 inverted",
			"from": [11, 12, 11],
			"to": [5, 3, 5],
			"rotation": {"angle": 0, "axis": "y", "origin": [7, 3, 7]},
			"faces": {
				"north": {"uv": [0, 9, 3, 4.5], "texture": "#2"},
				"east": {"uv": [3, 9, 6, 4.5], "texture": "#2"},
				"south": {"uv": [0, 4.5, 3, 0], "texture": "#2"},
				"west": {"uv": [3, 4.5, 6, 0], "texture": "#2"},
				"up": {"uv": [6, 3, 9, 6], "texture": "#2"},
				"down": {"uv": [6, 3, 9, 0], "texture": "#2"}
			}
		}
	]
}