{
	"credit": "Made by Ecorn",
	"textures": {
		"0": "block/birch_door_bottom",
		"1": "block/birch_door_side",
		"particle": "block/birch_door_bottom"
	},
	"elements": [
		{
			"from": [0, 0, 0],
			"to": [3, 12, 16],
			"faces": {
				"north": {"uv": [6, 4, 9, 16], "texture": "#1"},
				"east": {"uv": [0, 4, 16, 16], "texture": "#0"},
				"south": {"uv": [3, 4, 0, 16], "texture": "#1"},
				"west": {"uv": [16, 4, 0, 16], "texture": "#0"},
				"up": {"uv": [0, 4, 16, 5], "rotation": 270, "texture": "#0"},
				"down": {"uv": [6, 0, 9, 16], "texture": "#1"}
			}
		},
		{
			"from": [0, 12, 0],
			"to": [3, 16, 3],
			"faces": {
				"north": {"uv": [9, 4, 6, 0], "texture": "#1"},
				"east": {"uv": [13, 0, 16, 4], "texture": "#0"},
				"south": {"uv": [13, 0, 14, 4], "texture": "#0"},
				"west": {"uv": [16, 0, 13, 4], "texture": "#0"}
			}
		},
		{
			"from": [0, 12, 13],
			"to": [3, 16, 16],
			"faces": {
				"north": {"uv": [2, 0, 3, 4], "texture": "#0"},
				"east": {"uv": [0, 0, 3, 4], "texture": "#0"},
				"south": {"uv": [3, 0, 0, 4], "texture": "#1"},
				"west": {"uv": [3, 0, 0, 4], "texture": "#0"}
			}
		},
		{
			"from": [1, 12, 3],
			"to": [2, 16, 13],
			"faces": {
				"east": {"uv": [3, 0, 13, 4], "texture": "#0"},
				"west": {"uv": [13, 0, 3, 4], "texture": "#0"}
			}
		}
	]
}