{
	"credit": "Made with Blockbench",
	"parent": "block/block",
	"textures": {
		"5": "block/amethyst_cluster",
		"particle": "block/sculk_sensor_bottom",
		"bottom": "block/sculk_sensor_bottom",
		"side": "block/sculk_sensor_side",
		"calibrated_side": "block/calibrated_sculk_sensor_input_side",
		"tendrils": "block/sculk_sensor_tendril_inactive",
		"top": "block/calibrated_sculk_sensor_top"
	},
	"elements": [
		{
			"from": [0, 0, 0],
			"to": [16, 8, 16],
			"faces": {
				"north": {"uv": [0, 8, 16, 16], "texture": "#side", "cullface": "north"},
				"east": {"uv": [0, 8, 16, 16], "texture": "#side", "cullface": "east"},
				"south": {"uv": [0, 8, 16, 16], "texture": "#calibrated_side", "cullface": "south"},
				"west": {"uv": [0, 8, 16, 16], "texture": "#side", "cullface": "west"},
				"up": {"uv": [0, 0, 16, 16], "texture": "#top"},
				"down": {"uv": [0, 0, 16, 16], "texture": "#bottom", "cullface": "down"}
			}
		},
		{
			"from": [-1, 8, 3],
			"to": [7, 16, 3],
			"rotation": {"angle": 45, "axis": "y", "origin": [3, 12, 3]},
			"faces": {
				"north": {"uv": [4, 8, 12, 16], "texture": "#tendrils"},
				"south": {"uv": [12, 8, 4, 16], "texture": "#tendrils"}
			}
		},
		{
			"from": [9, 8, 3],
			"to": [17, 16, 3],
			"rotation": {"angle": -45, "axis": "y", "origin": [13, 12, 3]},
			"faces": {
				"north": {"uv": [12, 8, 4, 16], "texture": "#tendrils"},
				"south": {"uv": [4, 8, 12, 16], "texture": "#tendrils"}
			}
		},
		{
			"from": [9, 8, 13],
			"to": [17, 16, 13],
			"rotation": {"angle": 45, "axis": "y", "origin": [13, 12, 13]},
			"faces": {
				"north": {"uv": [12, 8, 4, 16], "texture": "#tendrils"},
				"south": {"uv": [4, 8, 12, 16], "texture": "#tendrils"}
			}
		},
		{
			"from": [-1, 8, 13],
			"to": [7, 16, 13],
			"rotation": {"angle": -45, "axis": "y", "origin": [3, 12, 13]},
			"faces": {
				"north": {"uv": [4, 8, 12, 16], "texture": "#tendrils"},
				"south": {"uv": [12, 8, 4, 16], "texture": "#tendrils"}
			}
		},
		{
			"from": [6, 15.55025, 5.05025],
			"to": [10.94974, 20.5, 11.05025],
			"rotation": {"angle": 45, "axis": "z", "origin": [9.5, 17, 8.05025]},
			"faces": {
				"north": {"uv": [6.25, 7, 7.5, 8.25], "texture": "#5"},
				"east": {"uv": [3, 6.5, 1.5, 5.25], "texture": "#5"},
				"south": {"uv": [5, 7, 6.25, 8.25], "texture": "#5"},
				"up": {"uv": [3, 6.5, 1.5, 5.25], "rotation": 90, "texture": "#5"}
			}
		},
		{
			"from": [4.55025, 14, 5.06025],
			"to": [11.55025, 17, 11.04025],
			"rotation": {"angle": 0, "axis": "y", "origin": [8.05025, 9, 8.05025]},
			"faces": {
				"north": {"uv": [7.5, 0.75, 9.25, 1.5], "texture": "#5"},
				"east": {"uv": [8.52, 8.5, 10, 9.25], "texture": "#5"},
				"south": {"uv": [7.5, 0, 9.25, 0.75], "texture": "#5"},
				"west": {"uv": [8.5, 8.5, 10, 9.25], "texture": "#5"},
				"down": {"uv": [3, 0, 1.5, 1.75], "rotation": 270, "texture": "#5"}
			}
		},
		{
			"from": [4.55025, 11, 6.05025],
			"to": [11.55025, 14, 10.05025],
			"rotation": {"angle": 0, "axis": "y", "origin": [8.05025, 9, 8.05025]},
			"faces": {
				"north": {"uv": [7.5, 2.25, 9.25, 3], "texture": "#5"},
				"east": {"uv": [0, 9.25, 1, 10], "texture": "#5"},
				"south": {"uv": [7.5, 1.5, 9.25, 2.25], "texture": "#5"},
				"west": {"uv": [0, 9.25, 1, 10], "texture": "#5"},
				"down": {"uv": [7.25, 5.25, 6.25, 7], "rotation": 270, "texture": "#5"}
			}
		},
		{
			"from": [5.55025, 11, 5.05025],
			"to": [10.55025, 14, 11.05025],
			"rotation": {"angle": 0, "axis": "y", "origin": [8.05025, 9, 8.05025]},
			"faces": {
				"north": {"uv": [2.25, 9, 3.5, 9.75], "texture": "#5"},
				"east": {"uv": [8.75, 6.5, 10.25, 7.25], "texture": "#5"},
				"south": {"uv": [6.25, 8.25, 7.5, 9], "texture": "#5"},
				"west": {"uv": [8.75, 6.5, 10.25, 7.25], "texture": "#5"},
				"down": {"uv": [6.5, 2.75, 5, 4], "rotation": 270, "texture": "#5"}
			}
		},
		{
			"from": [5.55025, 8, 6.05025],
			"to": [10.55025, 14, 10.05025],
			"rotation": {"angle": 0, "axis": "y", "origin": [8.05025, 9, 8.05025]},
			"faces": {
				"north": {"uv": [4.25, 0, 5.5, 1.5], "texture": "#5"},
				"east": {"uv": [7.25, 5.25, 8.25, 6.75], "texture": "#5"},
				"south": {"uv": [3.75, 3.5, 5, 5], "texture": "#5"},
				"west": {"uv": [7.25, 5.25, 8.25, 6.75], "texture": "#5"}
			}
		}
	],
	"gui_light": "front",
	"display": {
		"thirdperson_lefthand": {
			"rotation": [75, -45, 0],
			"translation": [0, 2.5, 0],
			"scale": [0.375, 0.375, 0.375]
		},
		"gui": {
			"rotation": [30, 45, 0],
			"scale": [0.625, 0.625, 0.625]
		},
		"head": {
			"rotation": [0, -180, 0]
		}
	}
}