{
	"credit": "Made with Blockbench",
	"textures": {
		"0": "block/cherry_stem_1",
		"1": "block/cherry_stem_2",
		"2": "block/cherry_leaves_1",
		"particle": "block/cherry_leaves_1"
	},
	"elements": [
		{
			"name": "cherry_stem_1",
			"from": [8, 0, 8],
			"to": [11, 4, 11],
			"rotation": {"angle": 0, "axis": "y", "origin": [8, 0, 8]},
			"faces": {
				"north": {"uv": [0, 0, 3, 4], "texture": "#0"},
				"east": {"uv": [3, 0, 6, 4], "texture": "#0"},
				"south": {"uv": [0, 4, 3, 8], "texture": "#0"},
				"west": {"uv": [3, 4, 6, 8], "texture": "#0"},
				"up": {"uv": [9, 3, 6, 0], "texture": "#0"},
				"down": {"uv": [9, 3, 6, 6], "texture": "#0"}
			}
		},
		{
			"name": "cherry_stem_2",
			"from": [9, 3, 10],
			"to": [11, 7, 12],
			"rotation": {"angle": -22.5, "axis": "z", "origin": [9, 3, 10]},
			"faces": {
				"north": {"uv": [0, 0, 2, 4], "texture": "#1"},
				"east": {"uv": [2, 0, 4, 4], "texture": "#1"},
				"south": {"uv": [0, 5, 2, 9], "texture": "#1"},
				"west": {"uv": [4, 0, 6, 4], "texture": "#1"},
				"up": {"uv": [4, 7, 2, 5], "texture": "#1"},
				"down": {"uv": [6, 5, 4, 7], "texture": "#1"}
			}
		},
		{
			"name": "cherry_stem_3",
			"from": [8, 2, 7],
			"to": [10, 7, 9],
			"rotation": {"angle": 45, "axis": "z", "origin": [8, 2, 7]},
			"faces": {
				"north": {"uv": [0, 0, 2, 5], "texture": "#1"},
				"east": {"uv": [2, 0, 4, 5], "texture": "#1"},
				"south": {"uv": [4, 0, 6, 5], "texture": "#1"},
				"west": {"uv": [0, 5, 2, 10], "texture": "#1"},
				"up": {"uv": [4, 7, 2, 5], "texture": "#1"},
				"down": {"uv": [6, 5, 4, 7], "texture": "#1"}
			}
		},
		{
			"name": "cherry_stem_4",
			"from": [4, 5, 4],
			"to": [6, 7, 8],
			"rotation": {"angle": 22.5, "axis": "x", "origin": [6, 5, 8]},
			"faces": {
				"north": {"uv": [2, 5, 4, 7], "rotation": 270, "texture": "#1"},
				"east": {"uv": [0, 0, 2, 4], "rotation": 90, "texture": "#1"},
				"south": {"uv": [4, 5, 6, 7], "rotation": 270, "texture": "#1"},
				"west": {"uv": [2, 0, 4, 4], "rotation": 270, "texture": "#1"},
				"up": {"uv": [4, 0, 6, 4], "texture": "#1"},
				"down": {"uv": [0, 5, 2, 9], "rotation": 180, "texture": "#1"}
			}
		},
		{
			"name": "cherry_stem_5",
			"from": [10, 2, 5],
			"to": [12, 4, 8],
			"rotation": {"angle": 22.5, "axis": "x", "origin": [10, 2, 8]},
			"faces": {
				"north": {"uv": [4, 5, 6, 7], "rotation": 180, "texture": "#1"},
				"east": {"uv": [0, 0, 2, 3], "rotation": 90, "texture": "#1"},
				"south": {"uv": [2, 5, 4, 7], "texture": "#1"},
				"west": {"uv": [2, 0, 4, 3], "rotation": 270, "texture": "#1"},
				"up": {"uv": [4, 0, 6, 3], "texture": "#1"},
				"down": {"uv": [0, 5, 2, 8], "rotation": 180, "texture": "#1"}
			}
		},
		{
			"name": "cherry_stem_6",
			"from": [11, 4, 5],
			"to": [13, 6, 7],
			"rotation": {"angle": 0, "axis": "y", "origin": [11, 4, 5]},
			"faces": {
				"north": {"uv": [0, 0, 2, 2], "texture": "#1"},
				"east": {"uv": [4, 2, 6, 4], "texture": "#1"},
				"south": {"uv": [2, 0, 4, 2], "texture": "#1"},
				"west": {"uv": [2, 2, 4, 4], "texture": "#1"},
				"up": {"uv": [4, 0, 6, 2], "texture": "#1"},
				"down": {"uv": [0, 2, 2, 4], "texture": "#1"}
			}
		},
		{
			"name": "cherry_leaves_1",
			"from": [3, 6, 3],
			"to": [9, 12, 10],
			"rotation": {"angle": 0, "axis": "y", "origin": [3, 6, 3]},
			"faces": {
				"north": {"uv": [5, 0, 11, 6], "texture": "#2"},
				"east": {"uv": [7, 10, 14, 16], "texture": "#2"},
				"south": {"uv": [10, 0, 16, 6], "texture": "#2"},
				"west": {"uv": [9, 6, 16, 12], "texture": "#2"},
				"up": {"uv": [0, 0, 6, 7], "texture": "#2"},
				"down": {"uv": [0, 9, 6, 16], "texture": "#2"}
			}
		},
		{
			"name": "cherry_leaves_1 inverted",
			"from": [9, 12, 10],
			"to": [3, 6, 3],
			"rotation": {"angle": 0, "axis": "y", "origin": [3, 6, 3]},
			"faces": {
				"north": {"uv": [10, 6, 16, 0], "texture": "#2"},
				"east": {"uv": [9, 12, 16, 6], "texture": "#2"},
				"south": {"uv": [5, 6, 11, 0], "texture": "#2"},
				"west": {"uv": [7, 16, 14, 10], "texture": "#2"},
				"up": {"uv": [6, 9, 0, 16], "texture": "#2"},
				"down": {"uv": [6, 0, 0, 7], "texture": "#2"}
			}
		},
		{
			"name": "cherry_leaves_2",
			"from": [9, 3, 3],
			"to": [14, 7, 8],
			"rotation": {"angle": 0, "axis": "y", "origin": [10, 3, 3]},
			"faces": {
				"north": {"uv": [11, 8, 16, 12], "texture": "#2"},
				"east": {"uv": [11, 12, 16, 16], "texture": "#2"},
				"south": {"uv": [11, 4, 16, 8], "texture": "#2"},
				"west": {"uv": [11, 0, 16, 4], "texture": "#2"},
				"up": {"uv": [0, 6, 5, 11], "texture": "#2"},
				"down": {"uv": [0, 11, 5, 16], "texture": "#2"}
			}
		},
		{
			"name": "cherry_leaves_2 inverted",
			"from": [14, 7, 8],
			"to": [9, 3, 3],
			"rotation": {"angle": 0, "axis": "y", "origin": [10, 3, 3]},
			"faces": {
				"north": {"uv": [11, 8, 16, 4], "texture": "#2"},
				"east": {"uv": [11, 4, 16, 0], "texture": "#2"},
				"south": {"uv": [11, 12, 16, 8], "texture": "#2"},
				"west": {"uv": [11, 16, 16, 12], "texture": "#2"},
				"up": {"uv": [5, 11, 0, 16], "texture": "#2"},
				"down": {"uv": [5, 6, 0, 11], "texture": "#2"}
			}
		},
		{
			"name": "cherry_leaves_3",
			"from": [9, 5, 9],
			"to": [13, 9, 13],
			"rotation": {"angle": 0, "axis": "y", "origin": [9, 5, 10]},
			"faces": {
				"north": {"uv": [0, 0, 4, 4], "texture": "#2"},
				"east": {"uv": [0, 4, 4, 8], "texture": "#2"},
				"south": {"uv": [4, 0, 8, 4], "texture": "#2"},
				"west": {"uv": [4, 4, 8, 8], "texture": "#2"},
				"up": {"uv": [4, 12, 0, 8], "texture": "#2"},
				"down": {"uv": [12, 0, 8, 4], "texture": "#2"}
			}
		},
		{
			"name": "cherry_leaves_3 inverted",
			"from": [13, 9, 13],
			"to": [9, 5, 9],
			"rotation": {"angle": 0, "axis": "y", "origin": [9, 5, 10]},
			"faces": {
				"north": {"uv": [4, 4, 8, 0], "texture": "#2"},
				"east": {"uv": [4, 8, 8, 4], "texture": "#2"},
				"south": {"uv": [0, 4, 4, 0], "texture": "#2"},
				"west": {"uv": [0, 8, 4, 4], "texture": "#2"},
				"up": {"uv": [8, 0, 12, 4], "texture": "#2"},
				"down": {"uv": [0, 12, 4, 8], "texture": "#2"}
			}
		}
	]
}