{
	"credit": "Made by Ecorn",
	"parent": "minecraft:block/door_bottom",
	"textures": {
		"1": "block/copper_door_side",
		"particle": "block/copper_door_bottom",
		"bottom": "block/copper_door_bottom"
	},
	"elements": [
		{
			"from": [0, 0, 13],
			"to": [3, 16, 16],
			"faces": {
				"north": {"uv": [3, 0, 6, 16], "texture": "#bottom"},
				"east": {"uv": [0, 0, 3, 16], "texture": "#bottom"},
				"south": {"uv": [0, 0, 3, 16], "texture": "#1"},
				"west": {"uv": [3, 0, 0, 16], "texture": "#bottom"},
				"down": {"uv": [6, 13, 9, 16], "texture": "#1"}
			}
		},
		{
			"from": [0, 0, 0],
			"to": [3, 16, 3],
			"faces": {
				"north": {"uv": [9, 16, 6, 0], "texture": "#1"},
				"east": {"uv": [13, 0, 16, 16], "texture": "#bottom"},
				"south": {"uv": [3, 0, 6, 16], "texture": "#bottom"},
				"west": {"uv": [16, 0, 13, 16], "texture": "#bottom"},
				"down": {"uv": [6, 3, 9, 0], "texture": "#1"}
			}
		},
		{
			"from": [3, 12, 3],
			"to": [3.5, 13, 5],
			"rotation": {"angle": 0, "axis": "y", "origin": [0, 1, -1]},
			"faces": {
				"north": {"uv": [15, 8, 15.5, 9], "texture": "#1"},
				"east": {"uv": [15, 8, 16, 10], "rotation": 90, "texture": "#1"},
				"south": {"uv": [15, 9, 15.5, 10], "texture": "#1"},
				"west": {"uv": [15, 8, 16, 10], "rotation": 90, "texture": "#1"},
				"up": {"uv": [15, 8, 15.5, 10], "texture": "#1"},
				"down": {"uv": [15, 8, 15.5, 10], "rotation": 180, "texture": "#1"}
			}
		},
		{
			"from": [3, 13, 2],
			"to": [3.5, 15, 3],
			"faces": {
				"north": {"uv": [15, 6, 15.5, 8], "texture": "#1"},
				"east": {"uv": [15, 6, 16, 8], "texture": "#1"},
				"south": {"uv": [15, 6, 15.5, 8], "texture": "#1"},
				"up": {"uv": [15, 6, 15.5, 7], "texture": "#1"},
				"down": {"uv": [15, 7, 15.5, 8], "texture": "#1"}
			}
		},
		{
			"from": [0, 0, 3],
			"to": [3, 3, 13],
			"faces": {
				"east": {"uv": [3, 13, 13, 16], "texture": "#bottom"},
				"west": {"uv": [13, 13, 3, 16], "texture": "#bottom"},
				"up": {"uv": [6, 3, 9, 13], "texture": "#bottom"},
				"down": {"uv": [6, 3, 9, 13], "texture": "#1"}
			}
		},
		{
			"from": [0.5, 3, 3],
			"to": [2.5, 16, 13],
			"faces": {
				"east": {"uv": [3, 0, 13, 13], "texture": "#bottom"},
				"west": {"uv": [13, 0, 3, 13], "texture": "#bottom"}
			}
		},
		{
			"from": [0, 4, 4],
			"to": [1, 6, 6],
			"faces": {
				"north": {"uv": [5, 10, 6, 12], "texture": "#bottom"},
				"south": {"uv": [4, 10, 5, 12], "texture": "#bottom"},
				"west": {"uv": [6, 10, 4, 12], "texture": "#bottom"},
				"up": {"uv": [5, 12, 4, 10], "texture": "#bottom"},
				"down": {"uv": [5, 10, 6, 12], "texture": "#bottom"}
			}
		},
		{
			"from": [0, 4, 10],
			"to": [1, 6, 12],
			"faces": {
				"north": {"uv": [5, 10, 6, 12], "texture": "#bottom"},
				"south": {"uv": [4, 10, 5, 12], "texture": "#bottom"},
				"west": {"uv": [6, 10, 4, 12], "texture": "#bottom"},
				"up": {"uv": [5, 12, 4, 10], "texture": "#bottom"},
				"down": {"uv": [5, 10, 6, 12], "texture": "#bottom"}
			}
		},
		{
			"from": [0, 13, 7],
			"to": [0.5, 15, 9],
			"rotation": {"angle": 0, "axis": "y", "origin": [0, -1, 0]},
			"faces": {
				"north": {"uv": [5, 10, 6, 12], "texture": "#bottom"},
				"south": {"uv": [4, 10, 5, 12], "texture": "#bottom"},
				"west": {"uv": [6, 10, 4, 12], "texture": "#bottom"},
				"up": {"uv": [5, 12, 4, 10], "texture": "#bottom"},
				"down": {"uv": [5, 10, 6, 12], "texture": "#bottom"}
			}
		},
		{
			"from": [0, 14, 11],
			"to": [0.5, 16, 13],
			"faces": {
				"north": {"uv": [4, 0, 5, 2], "texture": "#bottom"},
				"west": {"uv": [5, 0, 3, 2], "texture": "#bottom"},
				"down": {"uv": [4, 0, 5, 2], "texture": "#bottom"}
			}
		},
		{
			"from": [2, 4, 10],
			"to": [3, 6, 12],
			"faces": {
				"north": {"uv": [5, 10, 6, 12], "texture": "#bottom"},
				"east": {"uv": [4, 10, 6, 12], "texture": "#bottom"},
				"south": {"uv": [4, 10, 5, 12], "texture": "#bottom"},
				"up": {"uv": [5, 12, 4, 10], "texture": "#bottom"},
				"down": {"uv": [4, 11, 6, 12], "rotation": 90, "texture": "#bottom"}
			}
		},
		{
			"from": [2, 4, 4],
			"to": [3, 6, 6],
			"faces": {
				"north": {"uv": [5, 10, 6, 12], "texture": "#bottom"},
				"east": {"uv": [4, 10, 6, 12], "texture": "#bottom"},
				"south": {"uv": [4, 10, 5, 12], "texture": "#bottom"},
				"up": {"uv": [5, 12, 4, 10], "texture": "#bottom"},
				"down": {"uv": [10, 11, 12, 12], "rotation": 90, "texture": "#bottom"}
			}
		},
		{
			"from": [2.5, 13, 7],
			"to": [3, 15, 9],
			"rotation": {"angle": 0, "axis": "y", "origin": [0, -1, 0]},
			"faces": {
				"north": {"uv": [5, 10, 6, 12], "texture": "#bottom"},
				"east": {"uv": [4, 10, 6, 12], "texture": "#bottom"},
				"south": {"uv": [4, 10, 5, 12], "texture": "#bottom"},
				"up": {"uv": [5, 12, 4, 10], "texture": "#bottom"},
				"down": {"uv": [5, 10, 6, 12], "texture": "#bottom"}
			}
		},
		{
			"from": [2.5, 14, 11],
			"to": [3, 16, 13],
			"faces": {
				"north": {"uv": [4, 0, 5, 2], "texture": "#bottom"},
				"east": {"uv": [3, 0, 5, 2], "texture": "#bottom"},
				"down": {"uv": [4, 0, 5, 2], "texture": "#bottom"}
			}
		},
		{
			"from": [3, 15, 3],
			"to": [3.5, 16, 5],
			"faces": {
				"north": {"uv": [15, 2, 15.5, 3], "texture": "#1"},
				"east": {"uv": [15, 2, 16, 4], "rotation": 90, "texture": "#1"},
				"south": {"uv": [15, 3, 15.5, 4], "texture": "#1"},
				"west": {"uv": [15, 2, 16, 4], "rotation": 90, "texture": "#1"},
				"down": {"uv": [15, 2, 15.5, 4], "rotation": 180, "texture": "#1"}
			}
		},
		{
			"from": [3, 13, 5],
			"to": [3.5, 15, 6],
			"rotation": {"angle": 0, "axis": "y", "origin": [0, 0, 3]},
			"faces": {
				"north": {"uv": [15, 4, 15.5, 6], "texture": "#1"},
				"east": {"uv": [15, 4, 16, 6], "texture": "#1"},
				"south": {"uv": [15, 4, 15.5, 6], "texture": "#1"},
				"west": {"uv": [15, 4, 16, 6], "texture": "#1"},
				"up": {"uv": [15, 4, 15.5, 5], "texture": "#1"},
				"down": {"uv": [15, 5, 15.5, 6], "texture": "#1"}
			}
		},
		{
			"from": [-0.5, 15, 3],
			"to": [0, 16, 5],
			"rotation": {"angle": 0, "axis": "y", "origin": [-3.5, 0, 0]},
			"faces": {
				"north": {"uv": [15, 2, 15.5, 3], "texture": "#1"},
				"east": {"uv": [15, 2, 16, 4], "rotation": 90, "texture": "#1"},
				"south": {"uv": [15, 3, 15.5, 4], "texture": "#1"},
				"west": {"uv": [15, 2, 16, 4], "rotation": 270, "texture": "#1"},
				"down": {"uv": [15, 2, 15.5, 4], "rotation": 180, "texture": "#1"}
			}
		},
		{
			"from": [-0.5, 13, 5],
			"to": [0, 15, 6],
			"rotation": {"angle": 0, "axis": "y", "origin": [-3.5, 0, 3]},
			"faces": {
				"north": {"uv": [15, 4, 15.5, 6], "texture": "#1"},
				"east": {"uv": [15, 4, 16, 6], "texture": "#1"},
				"south": {"uv": [15, 4, 15.5, 6], "texture": "#1"},
				"west": {"uv": [15, 4, 16, 6], "texture": "#1"},
				"up": {"uv": [15, 4, 15.5, 5], "texture": "#1"},
				"down": {"uv": [15, 5, 15.5, 6], "texture": "#1"}
			}
		},
		{
			"from": [-0.5, 12, 3],
			"to": [0, 13, 5],
			"rotation": {"angle": 0, "axis": "y", "origin": [-3.5, 1, -1]},
			"faces": {
				"north": {"uv": [15, 8, 15.5, 9], "texture": "#1"},
				"east": {"uv": [15, 8, 16, 10], "rotation": 90, "texture": "#1"},
				"south": {"uv": [15, 9, 15.5, 10], "texture": "#1"},
				"west": {"uv": [15, 8, 16, 10], "rotation": 270, "texture": "#1"},
				"up": {"uv": [15, 8, 15.5, 10], "texture": "#1"},
				"down": {"uv": [15, 8, 15.5, 10], "rotation": 180, "texture": "#1"}
			}
		},
		{
			"from": [-0.5, 13, 2],
			"to": [0, 15, 3],
			"rotation": {"angle": 0, "axis": "y", "origin": [-3.5, 0, 0]},
			"faces": {
				"north": {"uv": [15, 6, 15.5, 8], "texture": "#1"},
				"south": {"uv": [15, 6, 15.5, 8], "texture": "#1"},
				"west": {"uv": [15, 6, 16, 8], "texture": "#1"},
				"up": {"uv": [15, 6, 15.5, 7], "texture": "#1"},
				"down": {"uv": [15, 7, 15.5, 8], "texture": "#1"}
			}
		}
	]
}