{
	"credit": "Made by Ecorn",
	"textures": {
		"0": "block/dark_oak_door_bottom",
		"1": "block/dark_oak_door_side",
		"particle": "block/dark_oak_door_bottom"
	},
	"elements": [
		{
			"from": [0, 0, 0],
			"to": [3, 3, 16],
			"faces": {
				"north": {"uv": [6, 13, 9, 16], "texture": "#1"},
				"east": {"uv": [0, 13, 16, 16], "texture": "#0"},
				"south": {"uv": [3, 12, 0, 15], "texture": "#1"},
				"west": {"uv": [16, 13, 0, 16], "texture": "#0"},
				"up": {"uv": [13, 3, 14, 11], "texture": "#0"},
				"down": {"uv": [6, 0, 9, 16], "texture": "#1"}
			}
		},
		{
			"from": [0, 3, 13],
			"to": [3, 14, 16],
			"faces": {
				"north": {"uv": [2, 2, 3, 13], "texture": "#0"},
				"east": {"uv": [0, 2, 3, 13], "texture": "#0"},
				"south": {"uv": [3, 2, 0, 13], "texture": "#1"},
				"west": {"uv": [3, 2, 0, 13], "texture": "#0"}
			}
		},
		{
			"from": [0, 3, 0],
			"to": [3, 14, 3],
			"faces": {
				"north": {"uv": [6, 2, 9, 13], "texture": "#1"},
				"east": {"uv": [13, 3, 16, 14], "texture": "#0"},
				"south": {"uv": [13, 2, 14, 13], "texture": "#0"},
				"west": {"uv": [16, 2, 13, 13], "texture": "#0"}
			}
		},
		{
			"from": [0.5, 3, 3],
			"to": [2.5, 14, 6],
			"faces": {
				"east": {"uv": [10, 2, 13, 13], "texture": "#0"},
				"west": {"uv": [6, 2, 3, 13], "texture": "#0"}
			}
		},
		{
			"from": [0.5, 3, 10],
			"to": [2.5, 14, 13],
			"faces": {
				"east": {"uv": [3, 2, 6, 13], "texture": "#0"},
				"west": {"uv": [13, 2, 10, 13], "texture": "#0"}
			}
		},
		{
			"from": [0, 3, 6],
			"to": [3, 14, 10],
			"faces": {
				"north": {"uv": [2, 2, 3, 13], "texture": "#0"},
				"east": {"uv": [6, 2, 10, 13], "texture": "#0"},
				"south": {"uv": [6, 2, 7, 13], "texture": "#0"},
				"west": {"uv": [10, 2, 6, 13], "texture": "#0"}
			}
		},
		{
			"from": [0, 14, 0],
			"to": [3, 16, 16],
			"faces": {
				"north": {"uv": [6, 0, 9, 2], "texture": "#1"},
				"east": {"uv": [0, 0, 16, 2], "texture": "#0"},
				"south": {"uv": [3, 0, 0, 2], "texture": "#1"},
				"west": {"uv": [16, 0, 0, 2], "texture": "#0"},
				"down": {"uv": [2, 0, 3, 16], "texture": "#0"}
			}
		},
		{
			"from": [-0.5, 15, 4],
			"to": [0, 16, 5],
			"faces": {
				"north": {"uv": [11, 0, 11.5, 1], "texture": "#0"},
				"south": {"uv": [11, 0, 11.5, 1], "texture": "#0"},
				"west": {"uv": [11, 0, 11.5, 1], "texture": "#0"},
				"down": {"uv": [11, 0, 11.5, 1], "rotation": 180, "texture": "#0"}
			}
		},
		{
			"from": [3, 15, 4],
			"to": [3.5, 16, 5],
			"faces": {
				"north": {"uv": [11, 0, 11.5, 1], "texture": "#0"},
				"east": {"uv": [11, 0, 11.5, 1], "texture": "#0"},
				"south": {"uv": [11, 0, 11.5, 1], "texture": "#0"},
				"down": {"uv": [11, 0, 11.5, 1], "rotation": 180, "texture": "#0"}
			}
		}
	]
}