{
	"credit": "Made with Blockbench",
	"textures": {
		"0": "block/dark_oak_stem_1",
		"1": "block/dark_oak_leaves_1",
		"particle": "block/dark_oak_leaves_1"
	},
	"elements": [
		{
			"name": "dark_oak_stem_1",
			"from": [6, 0, 6],
			"to": [10, 9, 10],
			"rotation": {"angle": 0, "axis": "y", "origin": [6, 0, 6]},
			"faces": {
				"north": {"uv": [0, 0, 4, 9], "texture": "#0"},
				"east": {"uv": [6, 7, 10, 16], "texture": "#0"},
				"south": {"uv": [4, 0, 8, 9], "texture": "#0"},
				"west": {"uv": [8, 0, 12, 9], "texture": "#0"},
				"up": {"uv": [12, 0, 16, 4], "texture": "#0"},
				"down": {"uv": [12, 4, 16, 8], "texture": "#0"}
			}
		},
		{
			"name": "dark_oak_stem_2",
			"from": [8, 9, 7],
			"to": [11, 12, 10],
			"rotation": {"angle": 45, "axis": "x", "origin": [8, 9, 7]},
			"faces": {
				"north": {"uv": [0, 0, 3, 3], "texture": "#0"},
				"east": {"uv": [0, 3, 3, 6], "texture": "#0"},
				"south": {"uv": [3, 0, 6, 3], "texture": "#0"},
				"west": {"uv": [3, 3, 6, 6], "texture": "#0"},
				"up": {"uv": [16, 3, 13, 0], "texture": "#0"},
				"down": {"uv": [15, 3, 12, 6], "texture": "#0"}
			}
		},
		{
			"name": "dark_oak_stem_3",
			"from": [5, 8, 5],
			"to": [7, 10, 7],
			"rotation": {"angle": 0, "axis": "y", "origin": [5, 8, 5]},
			"faces": {
				"north": {"uv": [0, 4, 2, 6], "texture": "#0"},
				"east": {"uv": [4, 9, 6, 11], "texture": "#0"},
				"south": {"uv": [7, 2, 9, 4], "texture": "#0"},
				"west": {"uv": [5, 5, 7, 7], "texture": "#0"},
				"up": {"uv": [12, 2, 14, 4], "texture": "#0"},
				"down": {"uv": [13, 6, 15, 8], "texture": "#0"}
			}
		},
		{
			"name": "dark_oak_leaves_1",
			"from": [4, 7, 4],
			"to": [12, 11, 11],
			"rotation": {"angle": 0, "axis": "y", "origin": [4, 7, 4]},
			"faces": {
				"north": {"uv": [0, 7, 8, 11], "texture": "#1"},
				"east": {"uv": [0, 11, 7, 15], "texture": "#1"},
				"south": {"uv": [8, 7, 16, 11], "texture": "#1"},
				"west": {"uv": [9, 11, 16, 15], "texture": "#1"},
				"up": {"uv": [0, 0, 8, 7], "texture": "#1"},
				"down": {"uv": [8, 0, 16, 7], "texture": "#1"}
			}
		},
		{
			"name": "dark_oak_leaves_2",
			"from": [7, 8, 8],
			"to": [13, 12, 13],
			"rotation": {"angle": 0, "axis": "y", "origin": [7, 8, 8]},
			"faces": {
				"north": {"uv": [6, 0, 12, 4], "texture": "#1"},
				"east": {"uv": [6, 8, 11, 12], "texture": "#1"},
				"south": {"uv": [6, 4, 12, 8], "texture": "#1"},
				"west": {"uv": [0, 10, 5, 14], "texture": "#1"},
				"up": {"uv": [6, 5, 0, 0], "texture": "#1"},
				"down": {"uv": [6, 5, 0, 10], "texture": "#1"}
			}
		}
	]
}