{
	"credit": "Made by Ecorn",
	"textures": {
		"0": "block/iron_door_bottom",
		"1": "block/iron_door_side",
		"particle": "block/iron_door_bottom"
	},
	"elements": [
		{
			"from": [0, 0, 13],
			"to": [3, 16, 16],
			"faces": {
				"north": {"uv": [13, 0, 16, 16], "texture": "#0"},
				"east": {"uv": [0, 0, 3, 16], "texture": "#0"},
				"south": {"uv": [3, 0, 0, 16], "texture": "#1"},
				"west": {"uv": [3, 0, 0, 16], "texture": "#0"},
				"down": {"uv": [6, 0, 9, 3], "texture": "#1"}
			}
		},
		{
			"from": [0, 3, 7],
			"to": [3, 16, 9],
			"rotation": {"angle": 0, "axis": "y", "origin": [0, 0, -6]},
			"faces": {
				"north": {"uv": [13, 3, 16, 16], "texture": "#0"},
				"east": {"uv": [7, 0, 9, 13], "texture": "#0"},
				"south": {"uv": [16, 2, 13, 15], "texture": "#0"},
				"west": {"uv": [9, 0, 7, 13], "texture": "#0"}
			}
		},
		{
			"from": [0, 0, 3],
			"to": [3, 3, 13],
			"rotation": {"angle": 0, "axis": "y", "origin": [0, 0, -3]},
			"faces": {
				"east": {"uv": [3, 13, 13, 16], "texture": "#0"},
				"west": {"uv": [13, 13, 3, 16], "texture": "#0"},
				"up": {"uv": [4, 13, 14, 14], "rotation": 90, "texture": "#0"},
				"down": {"uv": [6, 3, 9, 13], "texture": "#1"}
			}
		},
		{
			"from": [0, 0, 0],
			"to": [3, 16, 3],
			"rotation": {"angle": 0, "axis": "y", "origin": [0, 0, -13]},
			"faces": {
				"north": {"uv": [6, 0, 9, 16], "texture": "#1"},
				"east": {"uv": [13, 0, 16, 16], "texture": "#0"},
				"south": {"uv": [16, 0, 13, 16], "texture": "#0"},
				"west": {"uv": [16, 0, 13, 16], "texture": "#0"},
				"down": {"uv": [6, 13, 9, 16], "texture": "#1"}
			}
		},
		{
			"from": [0.5, 3, 3],
			"to": [2.5, 16, 13],
			"rotation": {"angle": 0, "axis": "y", "origin": [0.5, -13, 0]},
			"faces": {
				"east": {"uv": [3, 0, 13, 13], "texture": "#0"},
				"west": {"uv": [13, 0, 3, 13], "texture": "#0"}
			}
		},
		{
			"from": [0, 6, 9],
			"to": [3, 9, 13],
			"rotation": {"angle": 0, "axis": "y", "origin": [0, -12, 0]},
			"faces": {
				"east": {"uv": [3, 7, 7, 10], "texture": "#0"},
				"west": {"uv": [7, 7, 3, 10], "texture": "#0"},
				"up": {"uv": [3, 7, 7, 8], "rotation": 270, "texture": "#0"},
				"down": {"uv": [3, 9, 7, 10], "rotation": 90, "texture": "#0"}
			}
		},
		{
			"from": [0, 6, 3],
			"to": [3, 9, 7],
			"rotation": {"angle": 0, "axis": "y", "origin": [0, -12, -6]},
			"faces": {
				"east": {"uv": [9, 7, 13, 10], "texture": "#0"},
				"west": {"uv": [13, 7, 9, 10], "texture": "#0"},
				"up": {"uv": [9, 7, 13, 8], "rotation": 270, "texture": "#0"},
				"down": {"uv": [9, 9, 13, 10], "rotation": 90, "texture": "#0"}
			}
		},
		{
			"from": [0, 12, 9],
			"to": [3, 15, 13],
			"rotation": {"angle": 0, "axis": "y", "origin": [0, -6, 0]},
			"faces": {
				"east": {"uv": [3, 1, 7, 4], "texture": "#0"},
				"west": {"uv": [7, 1, 3, 4], "texture": "#0"},
				"up": {"uv": [3, 1, 7, 2], "rotation": 270, "texture": "#0"},
				"down": {"uv": [3, 3, 7, 4], "rotation": 90, "texture": "#0"}
			}
		},
		{
			"from": [0, 12, 3],
			"to": [3, 15, 7],
			"rotation": {"angle": 0, "axis": "y", "origin": [0, -6, -6]},
			"faces": {
				"east": {"uv": [9, 1, 13, 4], "texture": "#0"},
				"west": {"uv": [13, 1, 9, 4], "texture": "#0"},
				"up": {"uv": [9, 1, 13, 2], "rotation": 270, "texture": "#0"},
				"down": {"uv": [9, 3, 13, 4], "rotation": 90, "texture": "#0"}
			}
		}
	]
}