{
	"credit": "Made with Blockbench",
	"textures": {
		"0": "block/jungle_stem_1",
		"1": "block/jungle_leaves_1",
		"particle": "block/jungle_leaves_1"
	},
	"elements": [
		{
			"name": "jungle_stem_1",
			"from": [7, 0, 7],
			"to": [9, 13, 9],
			"rotation": {"angle": 0, "axis": "y", "origin": [7, 0, 7]},
			"faces": {
				"north": {"uv": [0, 0, 2, 13], "texture": "#0"},
				"east": {"uv": [2, 0, 4, 13], "texture": "#0"},
				"south": {"uv": [4, 0, 6, 13], "texture": "#0"},
				"west": {"uv": [6, 0, 8, 13], "texture": "#0"},
				"up": {"uv": [10, 2, 8, 0], "texture": "#0"},
				"down": {"uv": [10, 2, 8, 4], "texture": "#0"}
			}
		},
		{
			"name": "jungle_stem_2",
			"from": [6, 7, 8],
			"to": [8, 10, 10],
			"rotation": {"angle": 45, "axis": "x", "origin": [6, 7, 8]},
			"faces": {
				"north": {"uv": [7, 10, 9, 13], "texture": "#0"},
				"east": {"uv": [6, 5, 8, 8], "texture": "#0"},
				"south": {"uv": [0, 5, 2, 8], "texture": "#0"},
				"west": {"uv": [3, 3, 5, 6], "texture": "#0"},
				"up": {"uv": [8, 2, 10, 4], "texture": "#0"},
				"down": {"uv": [8, 0, 10, 2], "texture": "#0"}
			}
		},
		{
			"name": "jungle_leaves_1",
			"from": [5, 11, 5],
			"to": [11, 14, 11],
			"rotation": {"angle": 0, "axis": "y", "origin": [5, 11, 5]},
			"faces": {
				"north": {"uv": [6, 0, 12, 3], "texture": "#1"},
				"east": {"uv": [6, 3, 12, 6], "texture": "#1"},
				"south": {"uv": [6, 6, 12, 9], "texture": "#1"},
				"west": {"uv": [6, 9, 12, 12], "texture": "#1"},
				"up": {"uv": [6, 6, 0, 0], "texture": "#1"},
				"down": {"uv": [6, 6, 0, 12], "texture": "#1"}
			}
		},
		{
			"name": "jungle_leaves_1 inverted",
			"from": [11, 14, 11],
			"to": [5, 11, 5],
			"rotation": {"angle": 0, "axis": "y", "origin": [5, 11, 5]},
			"faces": {
				"north": {"uv": [6, 9, 12, 6], "texture": "#1"},
				"east": {"uv": [6, 12, 12, 9], "texture": "#1"},
				"south": {"uv": [6, 3, 12, 0], "texture": "#1"},
				"west": {"uv": [6, 6, 12, 3], "texture": "#1"},
				"up": {"uv": [0, 6, 6, 12], "texture": "#1"},
				"down": {"uv": [0, 6, 6, 0], "texture": "#1"}
			}
		},
		{
			"name": "jungle_leaves_2",
			"from": [5, 8, 9],
			"to": [9, 10, 13],
			"rotation": {"angle": 0, "axis": "y", "origin": [5, 8, 9]},
			"faces": {
				"north": {"uv": [4, 0, 8, 2], "texture": "#1"},
				"east": {"uv": [11, 0, 15, 2], "texture": "#1"},
				"south": {"uv": [2, 3, 6, 5], "texture": "#1"},
				"west": {"uv": [8, 8, 12, 10], "texture": "#1"},
				"up": {"uv": [0, 6, 4, 10], "texture": "#1"},
				"down": {"uv": [7, 3, 11, 7], "texture": "#1"}
			}
		},
		{
			"name": "jungle_leaves_2 inverted",
			"from": [9, 10, 13],
			"to": [5, 8, 9],
			"rotation": {"angle": 0, "axis": "y", "origin": [5, 8, 9]},
			"faces": {
				"north": {"uv": [2, 5, 6, 3], "texture": "#1"},
				"east": {"uv": [8, 10, 12, 8], "texture": "#1"},
				"south": {"uv": [2, 15, 6, 13], "texture": "#1"},
				"west": {"uv": [11, 2, 15, 0], "texture": "#1"},
				"up": {"uv": [11, 3, 7, 7], "texture": "#1"},
				"down": {"uv": [4, 6, 0, 10], "texture": "#1"}
			}
		},
		{
			"name": "jungle_leaves_3",
			"from": [8, 6, 4],
			"to": [11, 8, 7],
			"rotation": {"angle": 0, "axis": "y", "origin": [9, 6, 4]},
			"faces": {
				"north": {"uv": [1, 4, 4, 6], "texture": "#1"},
				"east": {"uv": [10, 2, 13, 4], "texture": "#1"},
				"south": {"uv": [5, 6, 8, 8], "texture": "#1"},
				"west": {"uv": [1, 10, 4, 12], "texture": "#1"},
				"up": {"uv": [11, 7, 14, 10], "texture": "#1"},
				"down": {"uv": [7, 11, 10, 14], "texture": "#1"}
			}
		},
		{
			"name": "jungle_leaves_3 inverted",
			"from": [11, 8, 7],
			"to": [8, 6, 4],
			"rotation": {"angle": 0, "axis": "y", "origin": [9, 6, 4]},
			"faces": {
				"north": {"uv": [1, 8, 4, 6], "texture": "#1"},
				"east": {"uv": [1, 12, 4, 10], "texture": "#1"},
				"south": {"uv": [1, 6, 4, 4], "texture": "#1"},
				"west": {"uv": [10, 4, 13, 2], "texture": "#1"},
				"up": {"uv": [10, 11, 7, 14], "texture": "#1"},
				"down": {"uv": [14, 7, 11, 10], "texture": "#1"}
			}
		}
	]
}