{
	"credit": "Made with Blockbench",
	"textures": {
		"0": "block/ladder",
		"particle": "block/ladder"
	},
	"elements": [
		{
			"from": [12, 0, 14],
			"to": [14, 16, 16],
			"faces": {
				"north": {"uv": [2, 0, 4, 16], "texture": "#0"},
				"east": {"uv": [2, 0, 4, 16], "rotation": 180, "texture": "#0"},
				"south": {"uv": [2, 0, 4, 16], "rotation": 180, "texture": "#0"},
				"west": {"uv": [2, 0, 4, 16], "texture": "#0"},
				"up": {"uv": [2, 14, 4, 16], "texture": "#0"},
				"down": {"uv": [2, 14, 4, 16], "rotation": 180, "texture": "#0"}
			}
		},
		{
			"from": [2, 0, 14],
			"to": [4, 16, 16],
			"faces": {
				"north": {"uv": [12, 0, 14, 16], "texture": "#0"},
				"east": {"uv": [2, 0, 4, 16], "rotation": 180, "texture": "#0"},
				"south": {"uv": [12, 0, 14, 16], "rotation": 180, "texture": "#0"},
				"west": {"uv": [2, 0, 4, 16], "texture": "#0"},
				"up": {"uv": [12, 14, 14, 16], "texture": "#0"},
				"down": {"uv": [12, 15, 14, 16], "rotation": 180, "texture": "#0"}
			}
		},
		{
			"from": [4, 13, 15],
			"to": [12, 15, 16],
			"faces": {
				"north": {"uv": [4, 1, 12, 3], "texture": "#0"},
				"east": {"uv": [4, 1, 12, 3], "rotation": 90, "texture": "#0"},
				"south": {"uv": [4, 1, 12, 3], "rotation": 180, "texture": "#0"},
				"west": {"uv": [4, 1, 12, 3], "rotation": 270, "texture": "#0"},
				"up": {"uv": [4, 1, 12, 3], "texture": "#0"},
				"down": {"uv": [4, 1, 12, 3], "rotation": 180, "texture": "#0"}
			}
		},
		{
			"from": [4, 9, 15],
			"to": [12, 11, 16],
			"faces": {
				"north": {"uv": [4, 5, 12, 7], "texture": "#0"},
				"east": {"uv": [4, 5, 12, 7], "rotation": 90, "texture": "#0"},
				"south": {"uv": [4, 5, 12, 7], "rotation": 180, "texture": "#0"},
				"west": {"uv": [4, 5, 12, 7], "rotation": 270, "texture": "#0"},
				"up": {"uv": [4, 5, 12, 7], "texture": "#0"},
				"down": {"uv": [4, 5, 12, 7], "rotation": 180, "texture": "#0"}
			}
		},
		{
			"from": [4, 5, 15],
			"to": [12, 7, 16],
			"faces": {
				"north": {"uv": [4, 9, 12, 11], "texture": "#0"},
				"east": {"uv": [4, 9, 12, 11], "rotation": 90, "texture": "#0"},
				"south": {"uv": [4, 9, 12, 11], "rotation": 180, "texture": "#0"},
				"west": {"uv": [4, 9, 12, 11], "rotation": 270, "texture": "#0"},
				"up": {"uv": [4, 9, 12, 11], "texture": "#0"},
				"down": {"uv": [4, 9, 12, 11], "rotation": 180, "texture": "#0"}
			}
		},
		{
			"from": [4, 1, 15],
			"to": [12, 3, 16],
			"faces": {
				"north": {"uv": [4, 13, 12, 15], "texture": "#0"},
				"east": {"uv": [4, 13, 12, 15], "rotation": 90, "texture": "#0"},
				"south": {"uv": [4, 13, 12, 15], "rotation": 180, "texture": "#0"},
				"west": {"uv": [4, 13, 12, 15], "rotation": 270, "texture": "#0"},
				"up": {"uv": [4, 13, 12, 15], "texture": "#0"},
				"down": {"uv": [4, 13, 12, 15], "rotation": 180, "texture": "#0"}
			}
		},
		{
			"from": [14, 13, 15],
			"to": [15, 15, 16],
			"faces": {
				"north": {"uv": [1, 1, 2, 3], "texture": "#0"},
				"east": {"uv": [1, 1, 2, 3], "rotation": 90, "texture": "#0"},
				"south": {"uv": [1, 1, 2, 3], "rotation": 180, "texture": "#0"},
				"west": {"uv": [1, 1, 2, 3], "rotation": 270, "texture": "#0"},
				"up": {"uv": [1, 1, 2, 3], "texture": "#0"},
				"down": {"uv": [1, 1, 2, 3], "rotation": 180, "texture": "#0"}
			}
		},
		{
			"from": [14, 9, 15],
			"to": [15, 11, 16],
			"faces": {
				"north": {"uv": [1, 5, 2, 7], "texture": "#0"},
				"east": {"uv": [1, 5, 2, 7], "rotation": 90, "texture": "#0"},
				"south": {"uv": [1, 5, 2, 7], "rotation": 180, "texture": "#0"},
				"west": {"uv": [1, 5, 2, 7], "rotation": 270, "texture": "#0"},
				"up": {"uv": [1, 5, 2, 7], "texture": "#0"},
				"down": {"uv": [1, 5, 2, 7], "rotation": 180, "texture": "#0"}
			}
		},
		{
			"from": [14, 5, 15],
			"to": [15, 7, 16],
			"faces": {
				"north": {"uv": [1, 9, 2, 11], "texture": "#0"},
				"east": {"uv": [1, 9, 2, 11], "rotation": 90, "texture": "#0"},
				"south": {"uv": [1, 9, 2, 11], "rotation": 180, "texture": "#0"},
				"west": {"uv": [1, 9, 2, 11], "rotation": 270, "texture": "#0"},
				"up": {"uv": [1, 9, 2, 11], "texture": "#0"},
				"down": {"uv": [1, 9, 2, 11], "rotation": 180, "texture": "#0"}
			}
		},
		{
			"from": [14, 1, 15],
			"to": [15, 3, 16],
			"faces": {
				"north": {"uv": [1, 13, 2, 15], "texture": "#0"},
				"east": {"uv": [1, 13, 2, 15], "rotation": 90, "texture": "#0"},
				"south": {"uv": [1, 13, 2, 15], "rotation": 180, "texture": "#0"},
				"west": {"uv": [1, 13, 2, 15], "rotation": 270, "texture": "#0"},
				"up": {"uv": [1, 13, 2, 15], "texture": "#0"},
				"down": {"uv": [1, 13, 2, 15], "rotation": 180, "texture": "#0"}
			}
		},
		{
			"from": [1, 1, 15],
			"to": [2, 3, 16],
			"faces": {
				"north": {"uv": [14, 13, 15, 15], "texture": "#0"},
				"east": {"uv": [14, 13, 15, 15], "rotation": 90, "texture": "#0"},
				"south": {"uv": [14, 13, 15, 15], "rotation": 180, "texture": "#0"},
				"west": {"uv": [14, 13, 15, 15], "rotation": 270, "texture": "#0"},
				"up": {"uv": [14, 13, 15, 15], "texture": "#0"},
				"down": {"uv": [14, 13, 15, 15], "rotation": 180, "texture": "#0"}
			}
		},
		{
			"from": [1, 5, 15],
			"to": [2, 7, 16],
			"faces": {
				"north": {"uv": [14, 9, 15, 11], "texture": "#0"},
				"east": {"uv": [14, 9, 15, 11], "rotation": 90, "texture": "#0"},
				"south": {"uv": [14, 9, 15, 11], "rotation": 180, "texture": "#0"},
				"west": {"uv": [14, 9, 15, 11], "rotation": 270, "texture": "#0"},
				"up": {"uv": [14, 9, 15, 11], "texture": "#0"},
				"down": {"uv": [14, 9, 15, 11], "rotation": 180, "texture": "#0"}
			}
		},
		{
			"from": [1, 9, 15],
			"to": [2, 11, 16],
			"faces": {
				"north": {"uv": [14, 5, 15, 7], "texture": "#0"},
				"east": {"uv": [14, 5, 15, 7], "rotation": 90, "texture": "#0"},
				"south": {"uv": [14, 5, 15, 7], "rotation": 180, "texture": "#0"},
				"west": {"uv": [14, 5, 15, 7], "rotation": 270, "texture": "#0"},
				"up": {"uv": [14, 5, 15, 7], "texture": "#0"},
				"down": {"uv": [14, 5, 15, 7], "rotation": 180, "texture": "#0"}
			}
		},
		{
			"from": [1, 13, 15],
			"to": [2, 15, 16],
			"faces": {
				"north": {"uv": [14, 1, 15, 3], "texture": "#0"},
				"east": {"uv": [14, 1, 15, 3], "rotation": 90, "texture": "#0"},
				"south": {"uv": [14, 1, 15, 3], "rotation": 180, "texture": "#0"},
				"west": {"uv": [14, 1, 15, 3], "rotation": 270, "texture": "#0"},
				"up": {"uv": [14, 1, 15, 3], "texture": "#0"},
				"down": {"uv": [14, 1, 15, 3], "rotation": 180, "texture": "#0"}
			}
		}
	],
	"display": {
		"thirdperson_righthand": {
			"rotation": [90, 0, 0],
			"translation": [0, 2.5, 3.25],
			"scale": [0.375, 0.375, 0.375]
		},
		"thirdperson_lefthand": {
			"rotation": [90, 0, 0],
			"translation": [0, 2.5, 3],
			"scale": [0.375, 0.375, 0.375]
		},
		"firstperson_righthand": {
			"rotation": [30, 0, 0],
			"translation": [0, 1, 2],
			"scale": [0.4, 0.4, 0.4]
		},
		"firstperson_lefthand": {
			"rotation": [30, 0, 0],
			"translation": [0, 1, 2],
			"scale": [0.4, 0.4, 0.4]
		},
		"ground": {
			"translation": [0, 3, 0],
			"scale": [0.25, 0.25, 0.25]
		},
		"gui": {
			"rotation": [90, 0, 0],
			"scale": [0.8, 0.8, 0.8]
		},
		"head": {
			"rotation": [-90.5, 0, 0],
			"translation": [0, 0, -12.75],
			"scale": [0.8, 0.8, 0.8]
		},
		"fixed": {
			"rotation": [-90, 0, 0],
			"translation": [0, 0, -7.5]
		}
	}
}