{
	"credit": "Made with Blockbench",
	"parent": "minecraft:block/cross",
	"texture_size": [32, 32],
	"textures": {
		"cross": "block/large_amethyst_bud"
	},
	"elements": [
		{
			"from": [6.01, 4.5, 6.53553],
			"to": [9.99, 8.03553, 10.07107],
			"rotation": {"angle": 45, "axis": "x", "origin": [8, 7, 9.03553]},
			"faces": {
				"north": {"uv": [6.5, 2, 8.5, 4], "texture": "#cross"},
				"east": {"uv": [0, 7, 2, 9], "texture": "#cross"},
				"west": {"uv": [7.5, 0, 9.5, 2], "texture": "#cross"},
				"up": {"uv": [8, 7.5, 6, 5.5], "texture": "#cross"}
			}
		},
		{
			"from": [6, 0, 5.5],
			"to": [10, 7, 10.5],
			"faces": {
				"north": {"uv": [0, 3.5, 2, 7], "texture": "#cross"},
				"east": {"uv": [0, 0, 2.5, 3.5], "texture": "#cross"},
				"south": {"uv": [2, 3.5, 4, 7], "texture": "#cross"},
				"west": {"uv": [2.5, 0, 5, 3.5], "texture": "#cross"},
				"down": {"uv": [6, 5.5, 4, 8], "texture": "#cross"}
			}
		},
		{
			"from": [1, -1, 6.5],
			"to": [6, 2.5, 9.5],
			"rotation": {"angle": -45, "axis": "z", "origin": [6, 0, 8]},
			"faces": {
				"north": {"uv": [4, 3.5, 6.5, 5.5], "texture": "#cross"},
				"east": {"uv": [8.5, 2, 10, 4], "texture": "#cross"},
				"south": {"uv": [5, 0, 7.5, 2], "texture": "#cross"},
				"up": {"uv": [4.5, 9.5, 2, 8], "texture": "#cross"},
				"down": {"uv": [10.5, 4, 8, 5.5], "texture": "#cross"}
			}
		},
		{
			"from": [1.75736, 2.82843, 6.51],
			"to": [4.23223, 5.3033, 9.49],
			"rotation": {"angle": 0, "axis": "y", "origin": [2.23223, 3.3033, 7]},
			"faces": {
				"north": {"uv": [2, 7, 3, 8], "texture": "#cross"},
				"south": {"uv": [3, 7, 4, 8], "texture": "#cross"},
				"west": {"uv": [6.5, 4, 8, 5], "texture": "#cross"},
				"up": {"uv": [6, 3.5, 5, 2], "texture": "#cross"}
			}
		},
		{
			"from": [6.5, -1, 1],
			"to": [9.5, 2.5, 6],
			"rotation": {"angle": 45, "axis": "x", "origin": [8, 0, 6]},
			"faces": {
				"east": {"uv": [4, 3.5, 6.5, 5.5], "texture": "#cross"},
				"south": {"uv": [8.5, 2, 10, 4], "texture": "#cross"},
				"west": {"uv": [5, 0, 7.5, 2], "texture": "#cross"},
				"up": {"uv": [4.5, 9.5, 2, 8], "rotation": 90, "texture": "#cross"},
				"down": {"uv": [10.5, 4, 8, 5.5], "rotation": 270, "texture": "#cross"}
			}
		},
		{
			"from": [6.51, 2.82843, 1.75736],
			"to": [9.49, 5.3033, 4.23223],
			"rotation": {"angle": 0, "axis": "y", "origin": [9, 3.3033, 2.23223]},
			"faces": {
				"north": {"uv": [6.5, 4, 8, 5], "texture": "#cross"},
				"east": {"uv": [2, 7, 3, 8], "texture": "#cross"},
				"west": {"uv": [3, 7, 4, 8], "texture": "#cross"},
				"up": {"uv": [6, 3.5, 5, 2], "rotation": 90, "texture": "#cross"}
			}
		},
		{
			"from": [10, -1, 6.5],
			"to": [15, 2.5, 9.5],
			"rotation": {"angle": 45, "axis": "z", "origin": [10, 0, 8]},
			"faces": {
				"north": {"uv": [5, 0, 7.5, 2], "texture": "#cross"},
				"south": {"uv": [4, 3.5, 6.5, 5.5], "texture": "#cross"},
				"west": {"uv": [8.5, 2, 10, 4], "texture": "#cross"},
				"up": {"uv": [4.5, 9.5, 2, 8], "rotation": 180, "texture": "#cross"},
				"down": {"uv": [10.5, 4, 8, 5.5], "rotation": 180, "texture": "#cross"}
			}
		},
		{
			"from": [11.76777, 2.82843, 6.51],
			"to": [14.24264, 5.3033, 9.49],
			"rotation": {"angle": 0, "axis": "y", "origin": [13.76777, 3.3033, 9]},
			"faces": {
				"north": {"uv": [3, 7, 4, 8], "texture": "#cross"},
				"east": {"uv": [6.5, 4, 8, 5], "texture": "#cross"},
				"south": {"uv": [2, 7, 3, 8], "texture": "#cross"},
				"up": {"uv": [6, 3.5, 5, 2], "rotation": 180, "texture": "#cross"}
			}
		},
		{
			"from": [6.5, -1, 10],
			"to": [9.5, 2.5, 15],
			"rotation": {"angle": -45, "axis": "x", "origin": [8, 0, 10]},
			"faces": {
				"north": {"uv": [8.5, 2, 10, 4], "texture": "#cross"},
				"east": {"uv": [5, 0, 7.5, 2], "texture": "#cross"},
				"west": {"uv": [4, 3.5, 6.5, 5.5], "texture": "#cross"},
				"up": {"uv": [4.5, 9.5, 2, 8], "rotation": 270, "texture": "#cross"},
				"down": {"uv": [10.5, 4, 8, 5.5], "rotation": 90, "texture": "#cross"}
			}
		},
		{
			"from": [6.51, 2.82843, 11.76777],
			"to": [9.49, 5.3033, 14.24264],
			"rotation": {"angle": 0, "axis": "y", "origin": [7, 3.3033, 13.76777]},
			"faces": {
				"east": {"uv": [3, 7, 4, 8], "texture": "#cross"},
				"south": {"uv": [6.5, 4, 8, 5], "texture": "#cross"},
				"west": {"uv": [2, 7, 3, 8], "texture": "#cross"},
				"up": {"uv": [6, 3.5, 5, 2], "rotation": 270, "texture": "#cross"}
			}
		}
	],
	"groups": [
		{
			"name": "group",
			"origin": [0, 0, 0],
			"color": 0,
			"nbt": "{}",
			"children": [0, 1]
		},
		{
			"name": "group",
			"origin": [2.23223, 3.3033, 7],
			"color": 0,
			"nbt": "{}",
			"children": [2, 3]
		},
		{
			"name": "group",
			"origin": [2.23223, 3.3033, 7],
			"color": 0,
			"nbt": "{}",
			"children": [4, 5]
		},
		{
			"name": "group",
			"origin": [2.23223, 3.3033, 7],
			"color": 0,
			"nbt": "{}",
			"children": [6, 7]
		},
		{
			"name": "group",
			"origin": [2.23223, 3.3033, 7],
			"color": 0,
			"nbt": "{}",
			"children": [8, 9]
		}
	]
}