{
	"credit": "Made with Blockbench",
	"parent": "minecraft:block/door_bottom_left",
	"textures": {
		"1": "block/mangrove_door_side",
		"particle": "block/mangrove_door_bottom",
		"bottom": "block/mangrove_door_bottom"
	},
	"elements": [
		{
			"from": [0, 0, 0],
			"to": [3, 16, 5],
			"faces": {
				"north": {"uv": [6, 0, 9, 16], "texture": "#1"},
				"east": {"uv": [11, 0, 16, 16], "texture": "#bottom"},
				"south": {"uv": [2, 0, 5, 16], "texture": "#bottom"},
				"west": {"uv": [16, 0, 11, 16], "texture": "#bottom"},
				"down": {"uv": [9, 5, 12, 0], "texture": "#1"}
			}
		},
		{
			"from": [-1, 13, 2],
			"to": [0, 14, 3],
			"faces": {
				"north": {"uv": [15, 4, 15.5, 5], "texture": "#1"},
				"south": {"uv": [15, 3, 16, 4], "texture": "#1"},
				"west": {"uv": [15, 3, 16, 4], "rotation": 90, "texture": "#1"},
				"up": {"uv": [15, 4, 16, 3], "texture": "#1"},
				"down": {"uv": [15, 4, 16, 5], "texture": "#1"}
			}
		},
		{
			"from": [-1, 14, 2],
			"to": [-0.5, 16, 3],
			"faces": {
				"north": {"uv": [15, 0, 15.5, 2], "texture": "#1"},
				"east": {"uv": [15, 0, 16, 2], "texture": "#1"},
				"south": {"uv": [15, 0, 15.5, 2], "texture": "#1"},
				"west": {"uv": [15, 0, 16, 2], "texture": "#1"}
			}
		},
		{
			"from": [1, 5, 5],
			"to": [2, 16, 11],
			"faces": {
				"east": {"uv": [5, 0, 11, 11], "texture": "#bottom"},
				"west": {"uv": [5, 0, 11, 11], "texture": "#bottom"}
			}
		},
		{
			"from": [0, 0, 11],
			"to": [3, 16, 16],
			"faces": {
				"north": {"uv": [2, 0, 5, 16], "texture": "#bottom"},
				"east": {"uv": [0, 0, 5, 16], "texture": "#bottom"},
				"south": {"uv": [0, 0, 3, 16], "texture": "#1"},
				"west": {"uv": [5, 0, 0, 16], "texture": "#bottom"},
				"down": {"uv": [9, 16, 12, 11], "texture": "#1"}
			}
		},
		{
			"from": [0, 0, 5],
			"to": [3, 5, 11],
			"faces": {
				"east": {"uv": [5, 11, 11, 16], "texture": "#bottom"},
				"west": {"uv": [11, 11, 5, 16], "texture": "#bottom"},
				"up": {"uv": [5, 11, 11, 14], "rotation": 90, "texture": "#bottom"},
				"down": {"uv": [9, 5, 12, 11], "texture": "#1"}
			}
		},
		{
			"from": [2, 8, 6],
			"to": [2.5, 10, 10],
			"faces": {
				"north": {"uv": [6, 6, 6.5, 8], "texture": "#bottom"},
				"east": {"uv": [6, 6, 10, 8], "texture": "#bottom"},
				"south": {"uv": [6, 6, 6.5, 8], "texture": "#bottom"},
				"up": {"uv": [6, 6, 10, 6.5], "rotation": 90, "texture": "#bottom"},
				"down": {"uv": [6, 7, 10, 7.5], "rotation": 270, "texture": "#bottom"}
			}
		},
		{
			"from": [2, 10, 7],
			"to": [2.5, 11, 9],
			"faces": {
				"north": {"uv": [7, 5, 8, 6], "texture": "#bottom"},
				"east": {"uv": [7, 5, 9, 6], "texture": "#bottom"},
				"south": {"uv": [7, 5, 8, 6], "texture": "#bottom"},
				"up": {"uv": [7, 5, 9, 6], "rotation": 90, "texture": "#bottom"}
			}
		},
		{
			"from": [2, 7, 7],
			"to": [2.5, 8, 9],
			"faces": {
				"north": {"uv": [7, 8, 8, 9], "texture": "#bottom"},
				"east": {"uv": [7, 8, 9, 9], "texture": "#bottom"},
				"south": {"uv": [7, 8, 8, 9], "texture": "#bottom"},
				"down": {"uv": [7, 8, 9, 9], "rotation": 270, "texture": "#bottom"}
			}
		},
		{
			"from": [2, 8, 7],
			"to": [3, 10, 9],
			"faces": {
				"north": {"uv": [7, 6, 8, 8], "texture": "#bottom"},
				"east": {"uv": [7, 6, 9, 8], "texture": "#bottom"},
				"south": {"uv": [7, 6, 8, 8], "texture": "#bottom"},
				"up": {"uv": [9, 6, 7, 7], "rotation": 90, "texture": "#bottom"},
				"down": {"uv": [7, 7, 9, 8], "rotation": 270, "texture": "#bottom"}
			}
		},
		{
			"from": [2, 14, 7],
			"to": [2.5, 15, 9],
			"faces": {
				"north": {"uv": [7, 1, 8, 2], "texture": "#bottom"},
				"east": {"uv": [7, 1, 9, 2], "texture": "#bottom"},
				"south": {"uv": [7, 1, 8, 2], "texture": "#bottom"},
				"down": {"uv": [7, 1, 9, 2], "rotation": 270, "texture": "#bottom"}
			}
		},
		{
			"from": [2, 15, 7],
			"to": [3, 16, 9],
			"faces": {
				"north": {"uv": [7, 0, 8, 1], "texture": "#bottom"},
				"east": {"uv": [7, 0, 9, 1], "texture": "#bottom"},
				"south": {"uv": [7, 0, 8, 1], "texture": "#bottom"},
				"down": {"uv": [7, 0, 9, 1], "rotation": 270, "texture": "#bottom"}
			}
		},
		{
			"from": [2, 15, 6],
			"to": [2.5, 16, 10],
			"faces": {
				"north": {"uv": [6, 0, 6.5, 1], "texture": "#bottom"},
				"east": {"uv": [6, 0, 10, 1], "texture": "#bottom"},
				"south": {"uv": [6, 0, 6.5, 1], "texture": "#bottom"},
				"down": {"uv": [6, 0, 10, 0.5], "rotation": 270, "texture": "#bottom"}
			}
		},
		{
			"from": [0.5, 15, 6],
			"to": [1, 16, 10],
			"faces": {
				"north": {"uv": [6, 0, 6.5, 1], "texture": "#bottom"},
				"south": {"uv": [6, 0, 6.5, 1], "texture": "#bottom"},
				"west": {"uv": [6, 0, 10, 1], "texture": "#bottom"},
				"down": {"uv": [6, 0, 10, 0.5], "rotation": 90, "texture": "#bottom"}
			}
		},
		{
			"from": [0, 15, 7],
			"to": [1, 16, 9],
			"faces": {
				"north": {"uv": [7, 0, 8, 1], "texture": "#bottom"},
				"south": {"uv": [7, 0, 8, 1], "texture": "#bottom"},
				"west": {"uv": [7, 0, 9, 1], "texture": "#bottom"},
				"down": {"uv": [7, 0, 9, 1], "rotation": 90, "texture": "#bottom"}
			}
		},
		{
			"from": [0.5, 14, 7],
			"to": [1, 15, 9],
			"faces": {
				"north": {"uv": [7, 1, 8, 2], "texture": "#bottom"},
				"south": {"uv": [7, 1, 8, 2], "texture": "#bottom"},
				"west": {"uv": [7, 1, 9, 2], "texture": "#bottom"},
				"down": {"uv": [7, 1, 9, 2], "rotation": 90, "texture": "#bottom"}
			}
		},
		{
			"from": [0.5, 10, 7],
			"to": [1, 11, 9],
			"faces": {
				"north": {"uv": [7, 5, 8, 6], "texture": "#bottom"},
				"south": {"uv": [7, 5, 8, 6], "texture": "#bottom"},
				"west": {"uv": [7, 5, 9, 6], "texture": "#bottom"},
				"up": {"uv": [7, 5, 9, 6], "rotation": 270, "texture": "#bottom"}
			}
		},
		{
			"from": [0, 8, 7],
			"to": [1, 10, 9],
			"faces": {
				"north": {"uv": [7, 6, 8, 8], "texture": "#bottom"},
				"south": {"uv": [7, 6, 8, 8], "texture": "#bottom"},
				"west": {"uv": [7, 6, 9, 8], "texture": "#bottom"},
				"up": {"uv": [7, 6, 9, 7], "rotation": 270, "texture": "#bottom"},
				"down": {"uv": [7, 7, 9, 8], "rotation": 90, "texture": "#bottom"}
			}
		},
		{
			"from": [0.5, 8, 6],
			"to": [1, 10, 10],
			"faces": {
				"north": {"uv": [6, 6, 6.5, 8], "texture": "#bottom"},
				"south": {"uv": [6, 6, 6.5, 8], "texture": "#bottom"},
				"west": {"uv": [6, 6, 10, 8], "texture": "#bottom"},
				"up": {"uv": [6, 6, 10, 6.5], "rotation": 270, "texture": "#bottom"},
				"down": {"uv": [6, 7, 10, 7.5], "rotation": 90, "texture": "#bottom"}
			}
		},
		{
			"from": [0.5, 7, 7],
			"to": [1, 8, 9],
			"faces": {
				"north": {"uv": [7, 8, 8, 9], "texture": "#bottom"},
				"south": {"uv": [7, 8, 8, 9], "texture": "#bottom"},
				"west": {"uv": [7, 8, 9, 9], "texture": "#bottom"},
				"down": {"uv": [7, 8, 9, 9], "rotation": 90, "texture": "#bottom"}
			}
		},
		{
			"from": [3.5, 14, 2],
			"to": [4, 16, 3],
			"rotation": {"angle": 0, "axis": "y", "origin": [3, 14, 3]},
			"faces": {
				"north": {"uv": [15, 0, 15.5, 2], "texture": "#1"},
				"east": {"uv": [15, 0, 16, 2], "texture": "#1"},
				"south": {"uv": [15, 0, 15.5, 2], "texture": "#1"},
				"west": {"uv": [15, 0, 16, 2], "texture": "#1"}
			}
		},
		{
			"from": [3, 13, 2],
			"to": [4, 14, 3],
			"rotation": {"angle": 0, "axis": "y", "origin": [3, 14, 3]},
			"faces": {
				"north": {"uv": [15, 3, 16, 4], "texture": "#1"},
				"east": {"uv": [15, 3, 16, 4], "rotation": 90, "texture": "#1"},
				"south": {"uv": [15, 4, 15.5, 5], "texture": "#1"},
				"up": {"uv": [15, 4, 16, 3], "rotation": 180, "texture": "#1"},
				"down": {"uv": [15, 4, 16, 5], "rotation": 180, "texture": "#1"}
			}
		}
	]
}