{
	"credit": "Made with Blockbench",
	"parent": "minecraft:block/door_top_left",
	"textures": {
		"1": "block/mangrove_door_side",
		"particle": "block/mangrove_door_top",
		"top": "block/mangrove_door_top"
	},
	"elements": [
		{
			"from": [3, 2, 13],
			"to": [4, 3, 14],
			"rotation": {"angle": 0, "axis": "y", "origin": [3, 0, 16]},
			"faces": {
				"north": {"uv": [15, 3, 16, 4], "texture": "#1"},
				"east": {"uv": [15, 3, 16, 4], "rotation": 90, "texture": "#1"},
				"south": {"uv": [15, 4, 16, 5], "texture": "#1"},
				"up": {"uv": [15, 4, 16, 3], "rotation": 180, "texture": "#1"},
				"down": {"uv": [15, 4, 16, 3], "rotation": 180, "texture": "#1"}
			}
		},
		{
			"from": [1, 0, 5],
			"to": [2, 12, 11],
			"rotation": {"angle": 0, "axis": "y", "origin": [3, 0, 16]},
			"faces": {
				"east": {"uv": [5, 4, 11, 16], "texture": "#top"},
				"west": {"uv": [5, 4, 11, 16], "texture": "#top"}
			}
		},
		{
			"from": [0, 0, 0],
			"to": [3, 16, 5],
			"rotation": {"angle": 0, "axis": "y", "origin": [3, 0, 16]},
			"faces": {
				"north": {"uv": [3, 0, 6, 16], "texture": "#1"},
				"east": {"uv": [5, 0, 0, 16], "texture": "#top"},
				"south": {"uv": [2, 0, 5, 16], "texture": "#top"},
				"west": {"uv": [0, 0, 5, 16], "texture": "#top"},
				"up": {"uv": [12, 5, 15, 0], "rotation": 180, "texture": "#1"}
			}
		},
		{
			"from": [0, 11, 5],
			"to": [3, 16, 11],
			"rotation": {"angle": 0, "axis": "y", "origin": [3, 0, 16]},
			"faces": {
				"east": {"uv": [11, 0, 5, 5], "texture": "#top"},
				"west": {"uv": [5, 0, 11, 5], "texture": "#top"},
				"up": {"uv": [12, 5, 15, 11], "rotation": 180, "texture": "#1"},
				"down": {"uv": [5, 2, 11, 5], "rotation": 90, "texture": "#top"}
			}
		},
		{
			"from": [0, 10, 5],
			"to": [3, 11, 6],
			"rotation": {"angle": 0, "axis": "y", "origin": [3, 0, 16]},
			"faces": {
				"east": {"uv": [5, 5, 6, 6], "texture": "#top"},
				"south": {"uv": [5, 5, 8, 6], "texture": "#top"},
				"west": {"uv": [5, 5, 6, 6], "texture": "#top"},
				"down": {"uv": [5, 5, 6, 8], "rotation": 90, "texture": "#top"}
			}
		},
		{
			"from": [0, 10, 10],
			"to": [3, 11, 11],
			"rotation": {"angle": 0, "axis": "y", "origin": [3, 0, 16]},
			"faces": {
				"north": {"uv": [5, 5, 8, 6], "texture": "#top"},
				"east": {"uv": [5, 5, 6, 6], "texture": "#top"},
				"west": {"uv": [5, 5, 6, 6], "texture": "#top"},
				"down": {"uv": [5, 5, 6, 8], "rotation": 90, "texture": "#top"}
			}
		},
		{
			"from": [0.5, 6, 6],
			"to": [1, 8, 10],
			"rotation": {"angle": 0, "axis": "y", "origin": [3, 0, 16]},
			"faces": {
				"north": {"uv": [6, 8, 6.5, 10], "texture": "#top"},
				"south": {"uv": [6, 8, 6.5, 10], "texture": "#top"},
				"west": {"uv": [6, 8, 10, 10], "texture": "#top"},
				"up": {"uv": [6, 8, 10, 8.5], "rotation": 270, "texture": "#top"},
				"down": {"uv": [6, 9, 10, 9.5], "rotation": 90, "texture": "#top"}
			}
		},
		{
			"from": [0.5, 8, 7],
			"to": [1, 9, 9],
			"rotation": {"angle": 0, "axis": "y", "origin": [3, 0, 16]},
			"faces": {
				"north": {"uv": [7, 7, 8, 8], "texture": "#top"},
				"south": {"uv": [7, 7, 8, 8], "texture": "#top"},
				"west": {"uv": [7, 7, 9, 8], "texture": "#top"},
				"up": {"uv": [7, 7, 9, 8], "rotation": 270, "texture": "#top"}
			}
		},
		{
			"from": [0.5, 5, 7],
			"to": [1, 6, 9],
			"rotation": {"angle": 0, "axis": "y", "origin": [3, 0, 16]},
			"faces": {
				"north": {"uv": [7, 10, 8, 11], "texture": "#top"},
				"south": {"uv": [7, 10, 8, 11], "texture": "#top"},
				"west": {"uv": [7, 10, 9, 11], "texture": "#top"},
				"down": {"uv": [7, 10, 9, 11], "rotation": 90, "texture": "#top"}
			}
		},
		{
			"from": [0, 6, 7],
			"to": [1, 8, 9],
			"rotation": {"angle": 0, "axis": "y", "origin": [3, 0, 16]},
			"faces": {
				"north": {"uv": [7, 8, 8, 10], "texture": "#top"},
				"south": {"uv": [7, 8, 8, 10], "texture": "#top"},
				"west": {"uv": [7, 8, 9, 10], "texture": "#top"},
				"up": {"uv": [9, 8, 7, 9], "rotation": 270, "texture": "#top"},
				"down": {"uv": [7, 9, 9, 10], "rotation": 90, "texture": "#top"}
			}
		},
		{
			"from": [0.5, 1, 7],
			"to": [1, 2, 9],
			"rotation": {"angle": 0, "axis": "y", "origin": [3, 0, 16]},
			"faces": {
				"north": {"uv": [7, 14, 8, 15], "texture": "#top"},
				"south": {"uv": [7, 14, 8, 15], "texture": "#top"},
				"west": {"uv": [7, 14, 9, 15], "texture": "#top"},
				"up": {"uv": [7, 14, 9, 15], "rotation": 270, "texture": "#top"}
			}
		},
		{
			"from": [0, 0, 7],
			"to": [0.5, 1, 9],
			"rotation": {"angle": 0, "axis": "y", "origin": [3, 0, 16]},
			"faces": {
				"north": {"uv": [7, 15, 8, 16], "texture": "#top"},
				"south": {"uv": [8, 15, 9, 16], "texture": "#top"},
				"west": {"uv": [7, 15, 9, 16], "texture": "#top"},
				"up": {"uv": [7, 15, 9, 16], "rotation": 270, "texture": "#top"}
			}
		},
		{
			"from": [0.5, 0, 6],
			"to": [1, 1, 10],
			"rotation": {"angle": 0, "axis": "y", "origin": [3, 0, 16]},
			"faces": {
				"north": {"uv": [6, 15, 6.5, 16], "texture": "#top"},
				"south": {"uv": [6, 15, 6.5, 16], "texture": "#top"},
				"west": {"uv": [6, 15, 10, 16], "texture": "#top"},
				"up": {"uv": [6, 15, 10, 15.5], "rotation": 270, "texture": "#top"}
			}
		},
		{
			"from": [2, 6, 6],
			"to": [2.5, 8, 10],
			"rotation": {"angle": 0, "axis": "y", "origin": [3, 0, 16]},
			"faces": {
				"north": {"uv": [6, 8, 6.5, 10], "texture": "#top"},
				"east": {"uv": [6, 8, 10, 10], "texture": "#top"},
				"south": {"uv": [6, 8, 6.5, 10], "texture": "#top"},
				"up": {"uv": [6, 8, 10, 8.5], "rotation": 90, "texture": "#top"},
				"down": {"uv": [6, 9, 10, 9.5], "rotation": 270, "texture": "#top"}
			}
		},
		{
			"from": [2, 8, 7],
			"to": [2.5, 9, 9],
			"rotation": {"angle": 0, "axis": "y", "origin": [3, 0, 16]},
			"faces": {
				"north": {"uv": [7, 7, 8, 8], "texture": "#top"},
				"east": {"uv": [7, 7, 9, 8], "texture": "#top"},
				"south": {"uv": [7, 7, 8, 8], "texture": "#top"},
				"up": {"uv": [7, 7, 9, 8], "rotation": 90, "texture": "#top"}
			}
		},
		{
			"from": [2, 6, 7],
			"to": [3, 8, 9],
			"rotation": {"angle": 0, "axis": "y", "origin": [3, 0, 16]},
			"faces": {
				"north": {"uv": [7, 8, 8, 10], "texture": "#top"},
				"east": {"uv": [7, 8, 9, 10], "texture": "#top"},
				"south": {"uv": [7, 8, 8, 10], "texture": "#top"},
				"up": {"uv": [9, 8, 7, 9], "rotation": 90, "texture": "#top"},
				"down": {"uv": [7, 9, 9, 10], "rotation": 270, "texture": "#top"}
			}
		},
		{
			"from": [2, 5, 7],
			"to": [2.5, 6, 9],
			"rotation": {"angle": 0, "axis": "y", "origin": [3, 0, 16]},
			"faces": {
				"north": {"uv": [7, 10, 8, 11], "texture": "#top"},
				"east": {"uv": [7, 10, 9, 11], "texture": "#top"},
				"south": {"uv": [7, 10, 8, 11], "texture": "#top"},
				"down": {"uv": [7, 10, 9, 11], "rotation": 270, "texture": "#top"}
			}
		},
		{
			"from": [2, 1, 7],
			"to": [2.5, 2, 9],
			"rotation": {"angle": 0, "axis": "y", "origin": [3, 0, 16]},
			"faces": {
				"north": {"uv": [7, 14, 8, 15], "texture": "#top"},
				"east": {"uv": [7, 14, 9, 15], "texture": "#top"},
				"south": {"uv": [7, 14, 8, 15], "texture": "#top"},
				"up": {"uv": [7, 14, 9, 15], "rotation": 90, "texture": "#top"}
			}
		},
		{
			"from": [2, 0, 6],
			"to": [2.5, 1, 10],
			"rotation": {"angle": 0, "axis": "y", "origin": [3, 0, 16]},
			"faces": {
				"north": {"uv": [6, 15, 6.5, 16], "texture": "#top"},
				"east": {"uv": [6, 15, 10, 16], "texture": "#top"},
				"south": {"uv": [6, 15, 6.5, 16], "texture": "#top"},
				"up": {"uv": [6, 15, 10, 15.5], "rotation": 90, "texture": "#top"}
			}
		},
		{
			"from": [2.5, 0, 7],
			"to": [3, 1, 9],
			"rotation": {"angle": 0, "axis": "y", "origin": [3, 0, 16]},
			"faces": {
				"north": {"uv": [8, 15, 9, 16], "texture": "#top"},
				"east": {"uv": [7, 15, 9, 16], "texture": "#top"},
				"south": {"uv": [7, 15, 8, 16], "texture": "#top"},
				"up": {"uv": [7, 15, 9, 16], "rotation": 90, "texture": "#top"}
			}
		},
		{
			"from": [0, 0, 11],
			"to": [3, 16, 16],
			"rotation": {"angle": 0, "axis": "y", "origin": [3, 0, 16]},
			"faces": {
				"north": {"uv": [2, 0, 5, 16], "texture": "#top"},
				"east": {"uv": [16, 0, 11, 16], "texture": "#top"},
				"south": {"uv": [9, 0, 12, 16], "texture": "#1"},
				"west": {"uv": [11, 0, 16, 16], "texture": "#top"},
				"up": {"uv": [12, 16, 15, 11], "rotation": 180, "texture": "#1"}
			}
		},
		{
			"from": [3.5, 0, 13],
			"to": [4, 2, 14],
			"rotation": {"angle": 0, "axis": "y", "origin": [3, 0, 16]},
			"faces": {
				"north": {"uv": [15, 2, 15.5, 0], "texture": "#1"},
				"east": {"uv": [15, 2, 16, 0], "texture": "#1"},
				"south": {"uv": [15, 2, 15.5, 0], "texture": "#1"},
				"west": {"uv": [15, 2, 16, 0], "texture": "#1"}
			}
		},
		{
			"from": [-1, 0, 13],
			"to": [-0.5, 2, 14],
			"rotation": {"angle": 0, "axis": "y", "origin": [3, 0, 16]},
			"faces": {
				"north": {"uv": [15, 2, 15.5, 0], "texture": "#1"},
				"east": {"uv": [15, 2, 16, 0], "texture": "#1"},
				"south": {"uv": [15, 2, 15.5, 0], "texture": "#1"},
				"west": {"uv": [15, 2, 16, 0], "texture": "#1"}
			}
		},
		{
			"from": [-1, 2, 13],
			"to": [0, 3, 14],
			"rotation": {"angle": 0, "axis": "y", "origin": [3, 0, 16]},
			"faces": {
				"north": {"uv": [15, 4, 16, 5], "texture": "#1"},
				"south": {"uv": [15, 3, 16, 4], "texture": "#1"},
				"west": {"uv": [15, 3, 16, 4], "rotation": 90, "texture": "#1"},
				"up": {"uv": [15, 4, 16, 3], "texture": "#1"},
				"down": {"uv": [15, 4, 16, 3], "texture": "#1"}
			}
		}
	]
}