{
	"credit": "Made with Blockbench",
	"parent": "minecraft:block/cross",
	"texture_size": [32, 32],
	"textures": {
		"1": "block/medium_amethyst_bud",
		"particle": "block/medium_amethyst_bud"
	},
	"elements": [
		{
			"from": [3, 1, 6.51],
			"to": [5.12132, 3.12132, 9.49],
			"rotation": {"angle": 22.5, "axis": "z", "origin": [3, 1, 8]},
			"faces": {
				"north": {"uv": [7.5, 3.5, 8.5, 4.5], "texture": "#1"},
				"south": {"uv": [6, 5, 7, 6], "texture": "#1"},
				"west": {"uv": [2, 7.5, 3.5, 8.5], "texture": "#1"},
				"up": {"uv": [8.5, 3.5, 7.5, 2], "texture": "#1"}
			}
		},
		{
			"from": [3, 1, 6.5],
			"to": [6, 4, 9.5],
			"rotation": {"angle": -22.5, "axis": "z", "origin": [3, 1, 8]},
			"faces": {
				"north": {"uv": [2, 6, 3.5, 7.5], "texture": "#1"},
				"east": {"uv": [6, 2, 7.5, 3.5], "texture": "#1"},
				"south": {"uv": [3.5, 6, 5, 7.5], "texture": "#1"},
				"up": {"uv": [6.5, 7.5, 5, 6], "texture": "#1"},
				"down": {"uv": [7.5, 3.5, 6, 5], "texture": "#1"}
			}
		},
		{
			"from": [6.51, 1, 3],
			"to": [9.49, 3.12132, 5.12132],
			"rotation": {"angle": -22.5, "axis": "x", "origin": [8, 1, 3]},
			"faces": {
				"north": {"uv": [2, 7.5, 3.5, 8.5], "texture": "#1"},
				"east": {"uv": [7.5, 3.5, 8.5, 4.5], "texture": "#1"},
				"west": {"uv": [6, 5, 7, 6], "texture": "#1"},
				"up": {"uv": [8.5, 3.5, 7.5, 2], "rotation": 90, "texture": "#1"}
			}
		},
		{
			"from": [6.5, 1, 3],
			"to": [9.5, 4, 6],
			"rotation": {"angle": 22.5, "axis": "x", "origin": [8, 1, 3]},
			"faces": {
				"east": {"uv": [2, 6, 3.5, 7.5], "texture": "#1"},
				"south": {"uv": [6, 2, 7.5, 3.5], "texture": "#1"},
				"west": {"uv": [3.5, 6, 5, 7.5], "texture": "#1"},
				"up": {"uv": [6.5, 7.5, 5, 6], "rotation": 90, "texture": "#1"},
				"down": {"uv": [7.5, 3.5, 6, 5], "rotation": 270, "texture": "#1"}
			}
		},
		{
			"from": [10.87868, 1, 6.51],
			"to": [13, 3.12132, 9.49],
			"rotation": {"angle": -22.5, "axis": "z", "origin": [13, 1, 8]},
			"faces": {
				"north": {"uv": [6, 5, 7, 6], "texture": "#1"},
				"east": {"uv": [2, 7.5, 3.5, 8.5], "texture": "#1"},
				"south": {"uv": [7.5, 3.5, 8.5, 4.5], "texture": "#1"},
				"up": {"uv": [8.5, 3.5, 7.5, 2], "rotation": 180, "texture": "#1"}
			}
		},
		{
			"from": [10, 1, 6.5],
			"to": [13, 4, 9.5],
			"rotation": {"angle": 22.5, "axis": "z", "origin": [13, 1, 8]},
			"faces": {
				"north": {"uv": [3.5, 6, 5, 7.5], "texture": "#1"},
				"south": {"uv": [2, 6, 3.5, 7.5], "texture": "#1"},
				"west": {"uv": [6, 2, 7.5, 3.5], "texture": "#1"},
				"up": {"uv": [6.5, 7.5, 5, 6], "rotation": 180, "texture": "#1"},
				"down": {"uv": [7.5, 3.5, 6, 5], "rotation": 180, "texture": "#1"}
			}
		},
		{
			"from": [6.51, 1, 10.87868],
			"to": [9.49, 3.12132, 13],
			"rotation": {"angle": 22.5, "axis": "x", "origin": [8, 1, 13]},
			"faces": {
				"east": {"uv": [6, 5, 7, 6], "texture": "#1"},
				"south": {"uv": [2, 7.5, 3.5, 8.5], "texture": "#1"},
				"west": {"uv": [7.5, 3.5, 8.5, 4.5], "texture": "#1"},
				"up": {"uv": [8.5, 3.5, 7.5, 2], "rotation": 270, "texture": "#1"}
			}
		},
		{
			"from": [6.5, 1, 10],
			"to": [9.5, 4, 13],
			"rotation": {"angle": -22.5, "axis": "x", "origin": [8, 1, 13]},
			"faces": {
				"north": {"uv": [6, 2, 7.5, 3.5], "texture": "#1"},
				"east": {"uv": [3.5, 6, 5, 7.5], "texture": "#1"},
				"west": {"uv": [2, 6, 3.5, 7.5], "texture": "#1"},
				"up": {"uv": [6.5, 7.5, 5, 6], "rotation": 270, "texture": "#1"},
				"down": {"uv": [7.5, 3.5, 6, 5], "rotation": 90, "texture": "#1"}
			}
		},
		{
			"from": [6, 0, 6.01],
			"to": [10.12132, 3.79289, 9.99],
			"rotation": {"angle": 0, "axis": "y", "origin": [8, 3, 8]},
			"faces": {
				"north": {"uv": [0, 0, 2, 2], "texture": "#1"},
				"east": {"uv": [0, 2, 2, 4], "texture": "#1"},
				"south": {"uv": [2, 0, 4, 2], "texture": "#1"},
				"west": {"uv": [2, 2, 4, 4], "texture": "#1"},
				"down": {"uv": [2, 4, 0, 6], "texture": "#1"}
			}
		},
		{
			"from": [7, 2, 6],
			"to": [11, 6, 10],
			"rotation": {"angle": 45, "axis": "z", "origin": [8, 3, 8]},
			"faces": {
				"north": {"uv": [4, 0, 6, 2], "texture": "#1"},
				"east": {"uv": [2, 4, 4, 6], "texture": "#1"},
				"south": {"uv": [4, 2, 6, 4], "texture": "#1"},
				"west": {"uv": [4, 4, 6, 6], "texture": "#1"},
				"up": {"uv": [2, 8, 0, 6], "texture": "#1"},
				"down": {"uv": [8, 0, 6, 2], "texture": "#1"}
			}
		}
	],
	"groups": [
		{
			"name": "group",
			"origin": [3, 1, 8],
			"color": 0,
			"nbt": "{}",
			"children": [0, 1]
		},
		{
			"name": "group",
			"origin": [3, 1, 8],
			"color": 0,
			"nbt": "{}",
			"children": [2, 3]
		},
		{
			"name": "group",
			"origin": [3, 1, 8],
			"color": 0,
			"nbt": "{}",
			"children": [4, 5]
		},
		{
			"name": "group",
			"origin": [3, 1, 8],
			"color": 0,
			"nbt": "{}",
			"children": [6, 7]
		},
		8,
		9
	]
}