{
	"credit": "Made with Blockbench",
	"textures": {
		"0": "block/oak_stem_1",
		"1": "block/oak_leaves_1",
		"particle": "block/oak_leaves_1"
	},
	"elements": [
		{
			"name": "oak_stem_1",
			"from": [7, 0, 7],
			"to": [9, 9, 9],
			"rotation": {"angle": 0, "axis": "y", "origin": [7, 0, 7]},
			"faces": {
				"north": {"uv": [0, 0, 2, 9], "texture": "#0"},
				"east": {"uv": [2, 0, 4, 9], "texture": "#0"},
				"south": {"uv": [4, 0, 6, 9], "texture": "#0"},
				"west": {"uv": [6, 0, 8, 9], "texture": "#0"},
				"up": {"uv": [10, 2, 8, 0], "texture": "#0"},
				"down": {"uv": [10, 2, 8, 4], "texture": "#0"}
			}
		},
		{
			"name": "oak_stem_2",
			"from": [8, 3, 7],
			"to": [12, 5, 9],
			"rotation": {"angle": -22.5, "axis": "y", "origin": [8, 3, 9]},
			"faces": {
				"north": {"uv": [10, 0, 14, 2], "texture": "#0"},
				"east": {"uv": [8, 2, 10, 4], "texture": "#0"},
				"south": {"uv": [10, 2, 14, 4], "texture": "#0"},
				"west": {"uv": [8, 0, 10, 2], "texture": "#0"},
				"up": {"uv": [2, 4, 4, 8], "rotation": 270, "texture": "#0"},
				"down": {"uv": [0, 3, 2, 7], "rotation": 90, "texture": "#0"}
			}
		},
		{
			"name": "oak_leaves_1",
			"from": [4, 6, 4],
			"to": [12, 12, 12],
			"rotation": {"angle": 0, "axis": "y", "origin": [7, 7, 7]},
			"faces": {
				"north": {"uv": [0, 0, 8, 6], "texture": "#1"},
				"east": {"uv": [8, 5, 16, 11], "texture": "#1"},
				"south": {"uv": [8, 10, 16, 16], "texture": "#1"},
				"west": {"uv": [0, 10, 8, 16], "texture": "#1"},
				"up": {"uv": [8, 0, 16, 8], "texture": "#1"},
				"down": {"uv": [0, 4, 8, 12], "texture": "#1"}
			}
		},
		{
			"name": "oak_leaves_1 inverted",
			"from": [12, 12, 12],
			"to": [4, 6, 4],
			"rotation": {"angle": 0, "axis": "y", "origin": [7, 7, 7]},
			"faces": {
				"north": {"uv": [8, 16, 16, 10], "texture": "#1"},
				"east": {"uv": [0, 16, 8, 10], "texture": "#1"},
				"south": {"uv": [0, 6, 8, 0], "texture": "#1"},
				"west": {"uv": [8, 11, 16, 5], "texture": "#1"},
				"up": {"uv": [8, 4, 0, 12], "texture": "#1"},
				"down": {"uv": [16, 0, 8, 8], "texture": "#1"}
			}
		},
		{
			"name": "oak_leaves_2",
			"from": [9, 4, 8],
			"to": [14, 8, 13],
			"rotation": {"angle": 0, "axis": "y", "origin": [10, 4, 8]},
			"faces": {
				"north": {"uv": [11, 4, 16, 8], "texture": "#1"},
				"east": {"uv": [11, 8, 16, 12], "texture": "#1"},
				"south": {"uv": [11, 12, 16, 16], "texture": "#1"},
				"west": {"uv": [6, 12, 11, 16], "texture": "#1"},
				"up": {"uv": [5, 5, 0, 0], "texture": "#1"},
				"down": {"uv": [8, 6, 3, 11], "texture": "#1"}
			}
		},
		{
			"name": "oak_leaves_2 inverted",
			"from": [14, 8, 13],
			"to": [9, 4, 8],
			"rotation": {"angle": 0, "axis": "y", "origin": [10, 4, 8]},
			"faces": {
				"north": {"uv": [1, 15, 6, 11], "texture": "#1"},
				"east": {"uv": [7, 16, 12, 12], "texture": "#1"},
				"south": {"uv": [11, 8, 16, 4], "texture": "#1"},
				"west": {"uv": [11, 12, 16, 8], "texture": "#1"},
				"up": {"uv": [3, 6, 8, 11], "texture": "#1"},
				"down": {"uv": [0, 5, 5, 0], "texture": "#1"}
			}
		}
	]
}