{
	"credit": "Made by Ecorn",
	"textures": {
		"0": "block/oak_door_top",
		"1": "block/oak_door_side",
		"particle": "block/oak_door_top"
	},
	"elements": [
		{
			"from": [-0.5, 0, 11],
			"to": [0, 1, 12],
			"rotation": {"angle": 0, "axis": "y", "origin": [3, 0, 16]},
			"faces": {
				"north": {"uv": [15, 3, 16, 4], "rotation": 180, "texture": "#1"},
				"east": {"uv": [15, 3, 16, 4], "texture": "#1"},
				"south": {"uv": [15, 3, 16, 4], "rotation": 180, "texture": "#1"},
				"west": {"uv": [15, 3, 16, 4], "rotation": 180, "texture": "#1"},
				"down": {"uv": [15, 3, 16, 4], "rotation": 180, "texture": "#1"}
			}
		},
		{
			"from": [0, 0, 7],
			"to": [3, 2, 9],
			"rotation": {"angle": 0, "axis": "y", "origin": [3, 0, 16]},
			"faces": {
				"north": {"uv": [16, 2, 13, 4], "texture": "#0"},
				"east": {"uv": [9, 14, 7, 16], "texture": "#0"},
				"south": {"uv": [13, 3, 16, 5], "texture": "#0"},
				"west": {"uv": [7, 14, 9, 16], "texture": "#0"}
			}
		},
		{
			"from": [0.5, 0, 3],
			"to": [2.5, 2, 13],
			"rotation": {"angle": 0, "axis": "y", "origin": [3, 0, 16]},
			"faces": {
				"east": {"uv": [13, 14, 3, 16], "texture": "#0"},
				"west": {"uv": [3, 14, 13, 16], "texture": "#0"}
			}
		},
		{
			"from": [-0.5, 1, 11],
			"to": [0, 2, 14],
			"rotation": {"angle": 0, "axis": "y", "origin": [3, 0, 16]},
			"faces": {
				"north": {"uv": [15, 2, 16, 3], "rotation": 90, "texture": "#1"},
				"east": {"uv": [15, 3, 16, 0], "rotation": 90, "texture": "#1"},
				"south": {"uv": [15, 1, 16, 2], "rotation": 90, "texture": "#1"},
				"west": {"uv": [15, 3, 16, 0], "rotation": 270, "texture": "#1"},
				"up": {"uv": [15, 0, 16, 3], "rotation": 180, "texture": "#1"},
				"down": {"uv": [15, 1, 16, 2], "rotation": 90, "texture": "#1"}
			}
		},
		{
			"from": [3, 1, 11],
			"to": [3.5, 2, 14],
			"rotation": {"angle": 0, "axis": "y", "origin": [3, 0, 16]},
			"faces": {
				"north": {"uv": [15, 2, 16, 3], "rotation": 90, "texture": "#1"},
				"east": {"uv": [16, 3, 15, 0], "rotation": 90, "texture": "#1"},
				"south": {"uv": [15, 0, 16, 1], "rotation": 90, "texture": "#1"},
				"west": {"uv": [15, 3, 16, 0], "rotation": 270, "texture": "#1"},
				"up": {"uv": [15, 0, 16, 3], "rotation": 180, "texture": "#1"},
				"down": {"uv": [15, 1, 16, 2], "rotation": 90, "texture": "#1"}
			}
		},
		{
			"from": [3, 0, 11],
			"to": [3.5, 1, 12],
			"rotation": {"angle": 0, "axis": "y", "origin": [3, 0, 16]},
			"faces": {
				"north": {"uv": [15, 3, 16, 4], "rotation": 180, "texture": "#1"},
				"east": {"uv": [15, 3, 16, 4], "texture": "#1"},
				"south": {"uv": [15, 3, 16, 4], "rotation": 180, "texture": "#1"},
				"west": {"uv": [15, 3, 16, 4], "rotation": 180, "texture": "#1"},
				"down": {"uv": [15, 3, 16, 4], "rotation": 180, "texture": "#1"}
			}
		},
		{
			"from": [0, 0, 13],
			"to": [3, 16, 16],
			"rotation": {"angle": 0, "axis": "y", "origin": [3, 0, 16]},
			"faces": {
				"north": {"uv": [12, 0, 15, 16], "texture": "#1"},
				"east": {"uv": [16, 0, 13, 16], "texture": "#0"},
				"south": {"uv": [12, 0, 9, 16], "texture": "#1"},
				"west": {"uv": [13, 0, 16, 16], "texture": "#0"},
				"up": {"uv": [15, 16, 12, 13], "rotation": 180, "texture": "#1"}
			}
		},
		{
			"from": [0, 0, 0],
			"to": [3, 16, 3],
			"rotation": {"angle": 0, "axis": "y", "origin": [3, 0, 16]},
			"faces": {
				"north": {"uv": [6, 0, 3, 16], "texture": "#1"},
				"east": {"uv": [3, 0, 0, 16], "texture": "#0"},
				"south": {"uv": [15, 0, 12, 16], "texture": "#1"},
				"west": {"uv": [0, 0, 3, 16], "texture": "#0"},
				"up": {"uv": [15, 3, 12, 0], "rotation": 180, "texture": "#1"}
			}
		},
		{
			"from": [0, 2, 3],
			"to": [3, 5, 13],
			"rotation": {"angle": 0, "axis": "y", "origin": [3, 0, 16]},
			"faces": {
				"east": {"uv": [13, 11, 3, 14], "texture": "#0"},
				"west": {"uv": [3, 11, 13, 14], "texture": "#0"},
				"up": {"uv": [3, 11, 13, 14], "rotation": 270, "texture": "#0"},
				"down": {"uv": [3, 13, 13, 14], "rotation": 270, "texture": "#0"}
			}
		},
		{
			"from": [0, 13, 3],
			"to": [3, 16, 13],
			"rotation": {"angle": 0, "axis": "y", "origin": [3, 0, 16]},
			"faces": {
				"east": {"uv": [13, 0, 3, 3], "texture": "#0"},
				"west": {"uv": [3, 0, 13, 3], "texture": "#0"},
				"up": {"uv": [15, 13, 12, 3], "rotation": 180, "texture": "#1"},
				"down": {"uv": [12, 2, 15, 12], "rotation": 180, "texture": "#1"}
			}
		},
		{
			"from": [0, 8, 3],
			"to": [3, 10, 13],
			"rotation": {"angle": 0, "axis": "y", "origin": [3, 0, 16]},
			"faces": {
				"east": {"uv": [13, 6, 3, 8], "texture": "#0"},
				"west": {"uv": [3, 6, 13, 8], "texture": "#0"},
				"up": {"uv": [3, 11, 13, 14], "rotation": 270, "texture": "#0"},
				"down": {"uv": [12, 0, 15, 16], "rotation": 180, "texture": "#1"}
			}
		},
		{
			"from": [0, 10, 7],
			"to": [3, 13, 9],
			"rotation": {"angle": 0, "axis": "y", "origin": [3, 0, 16]},
			"faces": {
				"north": {"uv": [3, 11, 6, 14], "texture": "#0"},
				"east": {"uv": [9, 3, 7, 6], "texture": "#0"},
				"south": {"uv": [12, 0, 15, 3], "texture": "#0"},
				"west": {"uv": [7, 3, 9, 6], "texture": "#0"}
			}
		},
		{
			"from": [0, 5, 7],
			"to": [3, 8, 9],
			"rotation": {"angle": 0, "axis": "y", "origin": [3, 0, 16]},
			"faces": {
				"north": {"uv": [4, 11, 7, 14], "texture": "#0"},
				"east": {"uv": [9, 8, 7, 11], "texture": "#0"},
				"south": {"uv": [5, 13, 8, 16], "texture": "#0"},
				"west": {"uv": [7, 8, 9, 11], "texture": "#0"}
			}
		}
	]
}