{
	"credit": "Made by Ecorn",
	"parent": "minecraft:block/door_top",
	"textures": {
		"1": "block/oxidized_copper_door_side",
		"particle": "block/oxidized_copper_door_top",
		"top": "block/oxidized_copper_door_top"
	},
	"elements": [
		{
			"from": [-0.5, 0, 11],
			"to": [0, 1, 13],
			"rotation": {"angle": 0, "axis": "y", "origin": [3, 0, 16]},
			"faces": {
				"north": {"uv": [15, 1, 16, 1.5], "rotation": 90, "texture": "#1"},
				"south": {"uv": [15, 0, 16, 0.5], "rotation": 90, "texture": "#1"},
				"west": {"uv": [15, 0, 16, 2], "rotation": 90, "texture": "#1"},
				"up": {"uv": [15, 0, 16, 2], "rotation": 180, "texture": "#1"}
			}
		},
		{
			"from": [1, 6, 6],
			"to": [2, 10, 10],
			"rotation": {"angle": 0, "axis": "y", "origin": [3, 0, 16]},
			"faces": {
				"north": {"uv": [6, 6, 7, 10], "texture": "#top"},
				"east": {"uv": [6, 6, 10, 10], "texture": "#top"},
				"south": {"uv": [9, 6, 10, 10], "texture": "#top"},
				"west": {"uv": [6, 6, 10, 10], "texture": "#top"},
				"up": {"uv": [6, 6, 10, 7], "rotation": 90, "texture": "#top"},
				"down": {"uv": [6, 9, 10, 10], "rotation": 90, "texture": "#top"}
			}
		},
		{
			"from": [1, 5, 9],
			"to": [2, 6, 10],
			"rotation": {"angle": 0, "axis": "y", "origin": [3, 0, 16]},
			"faces": {
				"north": {"uv": [9, 10, 10, 11], "texture": "#top"},
				"east": {"uv": [9, 10, 10, 11], "texture": "#top"},
				"west": {"uv": [9, 10, 10, 11], "texture": "#top"},
				"down": {"uv": [9, 10, 10, 11], "texture": "#top"}
			}
		},
		{
			"from": [1, 10, 9],
			"to": [2, 11, 10],
			"rotation": {"angle": 0, "axis": "y", "origin": [3, 0, 16]},
			"faces": {
				"north": {"uv": [9, 5, 10, 6], "texture": "#top"},
				"east": {"uv": [9, 5, 10, 6], "texture": "#top"},
				"west": {"uv": [9, 5, 10, 6], "texture": "#top"},
				"up": {"uv": [9, 5, 10, 6], "texture": "#top"}
			}
		},
		{
			"from": [1, 10, 11],
			"to": [2, 11, 12],
			"rotation": {"angle": 0, "axis": "y", "origin": [3, 0, 16]},
			"faces": {
				"east": {"uv": [11, 5, 12, 6], "texture": "#top"},
				"south": {"uv": [11, 5, 12, 6], "texture": "#top"},
				"west": {"uv": [11, 5, 12, 6], "texture": "#top"},
				"down": {"uv": [11, 5, 12, 6], "texture": "#top"}
			}
		},
		{
			"from": [1, 5, 11],
			"to": [2, 6, 12],
			"rotation": {"angle": 0, "axis": "y", "origin": [3, 0, 16]},
			"faces": {
				"east": {"uv": [11, 10, 12, 11], "texture": "#top"},
				"south": {"uv": [11, 10, 12, 11], "texture": "#top"},
				"west": {"uv": [11, 10, 12, 11], "texture": "#top"},
				"up": {"uv": [11, 10, 12, 11], "texture": "#top"}
			}
		},
		{
			"from": [1, 5, 4],
			"to": [2, 6, 5],
			"rotation": {"angle": 0, "axis": "y", "origin": [3, 0, 16]},
			"faces": {
				"north": {"uv": [4, 10, 5, 11], "texture": "#top"},
				"east": {"uv": [4, 10, 5, 11], "texture": "#top"},
				"west": {"uv": [4, 10, 5, 11], "texture": "#top"},
				"up": {"uv": [4, 10, 5, 11], "texture": "#top"}
			}
		},
		{
			"from": [1, 5, 6],
			"to": [2, 6, 7],
			"rotation": {"angle": 0, "axis": "y", "origin": [3, 0, 16]},
			"faces": {
				"east": {"uv": [6, 10, 7, 11], "texture": "#top"},
				"south": {"uv": [6, 10, 7, 11], "texture": "#top"},
				"west": {"uv": [6, 10, 7, 11], "texture": "#top"},
				"down": {"uv": [6, 10, 7, 11], "texture": "#top"}
			}
		},
		{
			"from": [1, 10, 6],
			"to": [2, 11, 7],
			"rotation": {"angle": 0, "axis": "y", "origin": [3, 0, 16]},
			"faces": {
				"east": {"uv": [6, 5, 7, 6], "texture": "#top"},
				"south": {"uv": [6, 5, 7, 6], "texture": "#top"},
				"west": {"uv": [6, 5, 7, 6], "texture": "#top"},
				"up": {"uv": [6, 5, 7, 6], "texture": "#top"}
			}
		},
		{
			"from": [1, 10, 4],
			"to": [2, 11, 5],
			"rotation": {"angle": 0, "axis": "y", "origin": [3, 0, 16]},
			"faces": {
				"north": {"uv": [4, 5, 5, 6], "texture": "#top"},
				"east": {"uv": [4, 5, 5, 6], "texture": "#top"},
				"west": {"uv": [4, 5, 5, 6], "texture": "#top"},
				"down": {"uv": [4, 5, 5, 6], "texture": "#top"}
			}
		},
		{
			"from": [1, 11, 3],
			"to": [2, 13, 5],
			"rotation": {"angle": 0, "axis": "y", "origin": [3, 0, 16]},
			"faces": {
				"east": {"uv": [3, 3, 5, 5], "texture": "#top"},
				"south": {"uv": [4, 3, 5, 5], "texture": "#top"},
				"west": {"uv": [3, 3, 5, 5], "texture": "#top"},
				"down": {"uv": [3, 3, 4, 5], "texture": "#top"}
			}
		},
		{
			"from": [1, 11, 11],
			"to": [2, 13, 13],
			"rotation": {"angle": 0, "axis": "y", "origin": [3, 0, 16]},
			"faces": {
				"north": {"uv": [11, 3, 12, 5], "texture": "#top"},
				"east": {"uv": [11, 3, 13, 5], "texture": "#top"},
				"west": {"uv": [11, 3, 13, 5], "texture": "#top"},
				"down": {"uv": [13, 4, 11, 5], "rotation": 90, "texture": "#top"}
			}
		},
		{
			"from": [1, 3, 11],
			"to": [2, 5, 13],
			"rotation": {"angle": 0, "axis": "y", "origin": [3, 0, 16]},
			"faces": {
				"north": {"uv": [11, 11, 12, 13], "texture": "#top"},
				"east": {"uv": [11, 11, 13, 13], "texture": "#top"},
				"west": {"uv": [11, 11, 13, 13], "texture": "#top"},
				"up": {"uv": [11, 12, 13, 11], "rotation": 90, "texture": "#top"}
			}
		},
		{
			"from": [1, 9, 5],
			"to": [2, 12, 6],
			"rotation": {"angle": 0, "axis": "y", "origin": [3, 0, 16]},
			"faces": {
				"north": {"uv": [5, 4, 6, 7], "texture": "#top"},
				"east": {"uv": [5, 4, 6, 7], "texture": "#top"},
				"south": {"uv": [5, 4, 6, 7], "texture": "#top"},
				"west": {"uv": [5, 4, 6, 7], "texture": "#top"},
				"up": {"uv": [5, 4, 6, 5], "texture": "#top"},
				"down": {"uv": [5, 6, 6, 7], "texture": "#top"}
			}
		},
		{
			"from": [1, 9, 10],
			"to": [2, 12, 11],
			"rotation": {"angle": 0, "axis": "y", "origin": [3, 0, 16]},
			"faces": {
				"north": {"uv": [10, 4, 11, 7], "texture": "#top"},
				"east": {"uv": [10, 4, 11, 7], "texture": "#top"},
				"south": {"uv": [10, 4, 11, 7], "texture": "#top"},
				"west": {"uv": [10, 4, 11, 7], "texture": "#top"},
				"up": {"uv": [10, 4, 11, 5], "texture": "#top"},
				"down": {"uv": [10, 6, 11, 7], "texture": "#top"}
			}
		},
		{
			"from": [1, 4, 10],
			"to": [2, 7, 11],
			"rotation": {"angle": 0, "axis": "y", "origin": [3, 0, 16]},
			"faces": {
				"north": {"uv": [10, 9, 11, 12], "texture": "#top"},
				"east": {"uv": [10, 9, 11, 12], "texture": "#top"},
				"south": {"uv": [10, 9, 11, 12], "texture": "#top"},
				"west": {"uv": [10, 9, 11, 12], "texture": "#top"},
				"up": {"uv": [10, 9, 11, 10], "texture": "#top"},
				"down": {"uv": [10, 11, 11, 12], "texture": "#top"}
			}
		},
		{
			"from": [1, 4, 5],
			"to": [2, 7, 6],
			"rotation": {"angle": 0, "axis": "y", "origin": [3, 0, 16]},
			"faces": {
				"north": {"uv": [5, 9, 6, 12], "texture": "#top"},
				"east": {"uv": [5, 9, 6, 12], "texture": "#top"},
				"south": {"uv": [5, 9, 6, 12], "texture": "#top"},
				"west": {"uv": [5, 9, 6, 12], "texture": "#top"},
				"up": {"uv": [5, 9, 6, 10], "texture": "#top"},
				"down": {"uv": [5, 11, 6, 12], "texture": "#top"}
			}
		},
		{
			"from": [1, 3, 3],
			"to": [2, 5, 5],
			"rotation": {"angle": 0, "axis": "y", "origin": [3, 0, 16]},
			"faces": {
				"east": {"uv": [3, 11, 5, 13], "texture": "#top"},
				"south": {"uv": [4, 11, 5, 13], "texture": "#top"},
				"west": {"uv": [3, 11, 5, 13], "texture": "#top"},
				"up": {"uv": [3, 11, 4, 13], "texture": "#top"}
			}
		},
		{
			"from": [0, 0, 3],
			"to": [3, 3, 13],
			"rotation": {"angle": 0, "axis": "y", "origin": [3, 0, 16]},
			"faces": {
				"east": {"uv": [13, 13, 3, 16], "texture": "#top"},
				"west": {"uv": [3, 13, 13, 16], "texture": "#top"},
				"up": {"uv": [13, 3, 16, 13], "texture": "#top"},
				"down": {"uv": [13, 3, 16, 13], "texture": "#top"}
			}
		},
		{
			"from": [0, 13, 3],
			"to": [3, 16, 13],
			"rotation": {"angle": 0, "axis": "y", "origin": [3, 0, 16]},
			"faces": {
				"east": {"uv": [13, 0, 3, 3], "texture": "#top"},
				"west": {"uv": [3, 0, 13, 3], "texture": "#top"},
				"up": {"uv": [12, 3, 15, 13], "texture": "#1"},
				"down": {"uv": [13, 3, 16, 13], "texture": "#top"}
			}
		},
		{
			"from": [0, 0, 13],
			"to": [3, 16, 16],
			"rotation": {"angle": 0, "axis": "y", "origin": [3, 0, 16]},
			"faces": {
				"north": {"uv": [13, 0, 16, 16], "texture": "#top"},
				"east": {"uv": [16, 0, 13, 16], "texture": "#top"},
				"south": {"uv": [9, 0, 12, 16], "texture": "#1"},
				"west": {"uv": [13, 0, 16, 16], "texture": "#top"},
				"up": {"uv": [12, 13, 15, 16], "texture": "#1"}
			}
		},
		{
			"from": [0, 0, 0],
			"to": [3, 16, 3],
			"rotation": {"angle": 0, "axis": "y", "origin": [3, 0, 16]},
			"faces": {
				"north": {"uv": [3, 0, 6, 16], "texture": "#1"},
				"east": {"uv": [3, 0, 0, 16], "texture": "#top"},
				"south": {"uv": [13, 0, 16, 16], "texture": "#top"},
				"west": {"uv": [0, 0, 3, 16], "texture": "#top"},
				"up": {"uv": [12, 0, 15, 3], "texture": "#1"}
			}
		},
		{
			"from": [3, 0, 11],
			"to": [3.5, 1, 13],
			"rotation": {"angle": 0, "axis": "y", "origin": [3, 0, 16]},
			"faces": {
				"north": {"uv": [15, 1, 16, 1.5], "rotation": 90, "texture": "#1"},
				"east": {"uv": [15, 0, 16, 2], "rotation": 270, "texture": "#1"},
				"south": {"uv": [15, 0, 16, 0.5], "rotation": 90, "texture": "#1"},
				"up": {"uv": [15, 0, 16, 2], "rotation": 180, "texture": "#1"}
			}
		}
	]
}