{
	"credit": "Made by Ecorn",
	"textures": {
		"0": "block/pale_oak_door_top",
		"1": "block/pale_oak_door_side",
		"particle": "block/pale_oak_door_top"
	},
	"elements": [
		{
			"from": [0, 0, 0],
			"to": [3, 2, 16],
			"rotation": {"angle": 0, "axis": "y", "origin": [3, 1, 16]},
			"faces": {
				"north": {"uv": [3, 14, 6, 16], "texture": "#1"},
				"east": {"uv": [16, 14, 0, 16], "texture": "#0"},
				"south": {"uv": [9, 14, 12, 16], "texture": "#1"},
				"west": {"uv": [0, 14, 16, 16], "texture": "#0"},
				"up": {"uv": [0, 0, 16, 3], "rotation": 270, "texture": "#0"}
			}
		},
		{
			"from": [0, 2, 13],
			"to": [3, 13, 16],
			"rotation": {"angle": 0, "axis": "y", "origin": [3, 1, 16]},
			"faces": {
				"north": {"uv": [3, 0, 14, 3], "rotation": 90, "texture": "#0"},
				"east": {"uv": [16, 3, 13, 14], "texture": "#0"},
				"south": {"uv": [9, 3, 12, 14], "texture": "#1"},
				"west": {"uv": [13, 3, 16, 14], "texture": "#0"}
			}
		},
		{
			"from": [0, 13, 0],
			"to": [3, 16, 16],
			"rotation": {"angle": 0, "axis": "y", "origin": [3, 1, 16]},
			"faces": {
				"north": {"uv": [3, 0, 6, 3], "texture": "#1"},
				"east": {"uv": [16, 0, 0, 3], "texture": "#0"},
				"south": {"uv": [9, 0, 12, 3], "texture": "#1"},
				"west": {"uv": [0, 0, 16, 3], "texture": "#0"},
				"up": {"uv": [12, 0, 15, 16], "rotation": 180, "texture": "#1"},
				"down": {"uv": [0, 0, 16, 3], "rotation": 270, "texture": "#0"}
			}
		},
		{
			"from": [0, 2, 0],
			"to": [3, 13, 3],
			"rotation": {"angle": 0, "axis": "y", "origin": [3, 1, 16]},
			"faces": {
				"north": {"uv": [3, 3, 6, 14], "texture": "#1"},
				"east": {"uv": [3, 3, 0, 14], "texture": "#0"},
				"south": {"uv": [0, 3, 3, 14], "texture": "#0"},
				"west": {"uv": [0, 3, 3, 14], "texture": "#0"}
			}
		},
		{
			"from": [-0.5, 9, 9],
			"to": [2, 10, 11],
			"rotation": {"angle": 0, "axis": "y", "origin": [3, 1, 16]},
			"faces": {
				"north": {"uv": [10, 6, 9, 7], "texture": "#0"},
				"south": {"uv": [11, 6, 10, 7], "texture": "#0"},
				"west": {"uv": [9, 6, 11, 7], "texture": "#0"},
				"down": {"uv": [9, 6, 11, 7], "rotation": 270, "texture": "#0"}
			}
		},
		{
			"from": [-0.5, 12, 9],
			"to": [2, 13, 11],
			"rotation": {"angle": 0, "axis": "y", "origin": [3, 1, 16]},
			"faces": {
				"north": {"uv": [10.5, 4, 9, 5], "texture": "#0"},
				"south": {"uv": [11.5, 4, 9, 5], "texture": "#0"},
				"west": {"uv": [9, 3, 11, 4], "texture": "#0"},
				"up": {"uv": [9, 3, 11, 5.5], "rotation": 270, "texture": "#0"}
			}
		},
		{
			"from": [1, 9, 9],
			"to": [3.5, 10, 11],
			"rotation": {"angle": 0, "axis": "y", "origin": [3, 1, 16]},
			"faces": {
				"north": {"uv": [10.5, 6, 9, 7], "texture": "#0"},
				"east": {"uv": [9, 6, 11, 7], "texture": "#0"},
				"south": {"uv": [10.5, 6, 9, 7], "texture": "#0"},
				"down": {"uv": [9, 7.5, 11, 5], "rotation": 270, "texture": "#0"}
			}
		},
		{
			"from": [1, 12, 9],
			"to": [3.5, 13, 11],
			"rotation": {"angle": 0, "axis": "y", "origin": [3, 1, 16]},
			"faces": {
				"north": {"uv": [11.5, 4, 9, 5], "texture": "#0"},
				"east": {"uv": [9, 3, 11, 4], "texture": "#0"},
				"south": {"uv": [11.5, 4, 9, 5], "texture": "#0"},
				"up": {"uv": [9, 5.5, 11, 3], "rotation": 270, "texture": "#0"}
			}
		},
		{
			"from": [1, 10, 3],
			"to": [3.5, 12, 13],
			"rotation": {"angle": 0, "axis": "y", "origin": [3, 1, 16]},
			"faces": {
				"east": {"uv": [13, 4, 3, 6], "texture": "#0"},
				"south": {"uv": [12.5, 4, 10, 6], "texture": "#0"},
				"up": {"uv": [13, 6.5, 3, 4], "rotation": 270, "texture": "#0"},
				"down": {"uv": [3, 3.5, 13, 6], "rotation": 270, "texture": "#0"}
			}
		},
		{
			"from": [-0.5, 10, 3],
			"to": [2, 12, 13],
			"rotation": {"angle": 0, "axis": "y", "origin": [3, 1, 16]},
			"faces": {
				"south": {"uv": [12.5, 4, 10, 6], "texture": "#0"},
				"west": {"uv": [3, 4, 13, 6], "texture": "#0"},
				"up": {"uv": [13, 4, 3, 6.5], "rotation": 270, "texture": "#0"},
				"down": {"uv": [3, 6, 13, 3.5], "rotation": 270, "texture": "#0"}
			}
		},
		{
			"from": [1, 2, 3],
			"to": [2, 13, 13],
			"rotation": {"angle": 0, "axis": "y", "origin": [3, 1, 16]},
			"faces": {
				"east": {"uv": [13, 3, 3, 14], "texture": "#0"},
				"west": {"uv": [3, 3, 13, 14], "texture": "#0"}
			}
		},
		{
			"from": [-0.5, 0, 11],
			"to": [0, 1, 13],
			"rotation": {"angle": 0, "axis": "y", "origin": [3, 1, 16]},
			"faces": {
				"north": {"uv": [15, 9.5, 16, 9], "rotation": 90, "texture": "#1"},
				"south": {"uv": [15, 8.5, 16, 8], "rotation": 90, "texture": "#1"},
				"west": {"uv": [15, 8, 16, 10], "rotation": 90, "texture": "#1"},
				"up": {"uv": [16, 8, 15.5, 10], "rotation": 180, "texture": "#1"}
			}
		},
		{
			"from": [-0.5, 10, 0],
			"to": [0, 12, 3],
			"rotation": {"angle": 0, "axis": "y", "origin": [3, 1, 16]},
			"faces": {
				"north": {"uv": [2, 4, 1, 6], "texture": "#0"},
				"west": {"uv": [0, 4, 3, 6], "texture": "#0"},
				"up": {"uv": [3, 4.5, 0, 4], "rotation": 270, "texture": "#0"},
				"down": {"uv": [0, 4, 3, 4.5], "rotation": 270, "texture": "#0"}
			}
		},
		{
			"from": [3, 10, 0],
			"to": [3.5, 12, 3],
			"rotation": {"angle": 0, "axis": "y", "origin": [3, 1, 16]},
			"faces": {
				"north": {"uv": [2, 4, 1, 6], "texture": "#0"},
				"east": {"uv": [3, 4, 0, 6], "texture": "#0"},
				"up": {"uv": [3, 4.5, 0, 4], "rotation": 270, "texture": "#0"},
				"down": {"uv": [0, 5, 3, 5.5], "rotation": 270, "texture": "#0"}
			}
		},
		{
			"from": [0.5, 3, 4],
			"to": [2.5, 10, 6],
			"rotation": {"angle": 0, "axis": "y", "origin": [3, 1, 16]},
			"faces": {
				"north": {"uv": [5, 6, 4, 13], "texture": "#0"},
				"east": {"uv": [6, 6, 4, 13], "texture": "#0"},
				"south": {"uv": [5, 6, 6, 13], "texture": "#0"},
				"west": {"uv": [4, 6, 6, 13], "texture": "#0"},
				"down": {"uv": [4, 6, 6, 8], "rotation": 180, "texture": "#0"}
			}
		},
		{
			"from": [0.5, 3, 7],
			"to": [2.5, 10, 9],
			"rotation": {"angle": 0, "axis": "y", "origin": [3, 1, 16]},
			"faces": {
				"north": {"uv": [8, 6, 7, 13], "texture": "#0"},
				"east": {"uv": [9, 6, 7, 13], "texture": "#0"},
				"south": {"uv": [8, 6, 9, 13], "texture": "#0"},
				"west": {"uv": [7, 6, 9, 13], "texture": "#0"},
				"down": {"uv": [7, 6, 9, 8], "rotation": 180, "texture": "#0"}
			}
		},
		{
			"from": [0.5, 3, 10],
			"to": [2.5, 10, 12],
			"rotation": {"angle": 0, "axis": "y", "origin": [3, 1, 16]},
			"faces": {
				"north": {"uv": [6, 6, 5, 13], "texture": "#0"},
				"east": {"uv": [4, 6, 6, 13], "texture": "#0"},
				"south": {"uv": [4, 6, 5, 13], "texture": "#0"},
				"west": {"uv": [6, 6, 4, 13], "texture": "#0"},
				"down": {"uv": [4, 6, 6, 8], "rotation": 180, "texture": "#0"}
			}
		},
		{
			"from": [3, 0, 11],
			"to": [3.5, 1, 13],
			"rotation": {"angle": 0, "axis": "y", "origin": [3, 1, 16]},
			"faces": {
				"north": {"uv": [15, 7.5, 16, 7], "rotation": 90, "texture": "#1"},
				"east": {"uv": [15, 10, 16, 8], "rotation": 90, "texture": "#1"},
				"south": {"uv": [15, 9.5, 16, 9], "rotation": 90, "texture": "#1"},
				"up": {"uv": [16, 10, 15.5, 8], "texture": "#1"}
			}
		}
	]
}