{
	"credit": "Made by Ecorn",
	"parent": "minecraft:block/door_bottom",
	"textures": {
		"1": "block/pale_oak_door_side",
		"particle": "block/pale_oak_door_bottom",
		"bottom": "block/pale_oak_door_bottom"
	},
	"elements": [
		{
			"from": [0, 0, 0],
			"to": [3, 4, 16],
			"rotation": {"angle": 0, "axis": "y", "origin": [3, 1, 16]},
			"faces": {
				"north": {"uv": [0, 12, 3, 16], "texture": "#1"},
				"east": {"uv": [16, 12, 0, 16], "texture": "#bottom"},
				"south": {"uv": [6, 12, 9, 16], "texture": "#1"},
				"west": {"uv": [0, 12, 16, 16], "texture": "#bottom"},
				"down": {"uv": [6, 0, 9, 16], "rotation": 180, "texture": "#1"}
			}
		},
		{
			"from": [0, 4, 0],
			"to": [3, 16, 3],
			"rotation": {"angle": 0, "axis": "y", "origin": [3, 1, 16]},
			"faces": {
				"north": {"uv": [0, 0, 3, 12], "texture": "#1"},
				"east": {"uv": [3, 0, 0, 12], "texture": "#bottom"},
				"south": {"uv": [1, 13, 13, 16], "rotation": 90, "texture": "#bottom"},
				"west": {"uv": [0, 0, 3, 12], "texture": "#bottom"}
			}
		},
		{
			"from": [0, 4, 13],
			"to": [3, 16, 16],
			"rotation": {"angle": 0, "axis": "y", "origin": [3, 1, 16]},
			"faces": {
				"north": {"uv": [1, 13, 13, 16], "rotation": 90, "texture": "#bottom"},
				"east": {"uv": [16, 0, 13, 12], "texture": "#bottom"},
				"south": {"uv": [6, 0, 9, 12], "texture": "#1"},
				"west": {"uv": [13, 0, 16, 12], "texture": "#bottom"}
			}
		},
		{
			"from": [0, 15, 3],
			"to": [3, 16, 13],
			"rotation": {"angle": 0, "axis": "y", "origin": [3, 1, 16]},
			"faces": {
				"east": {"uv": [13, 0, 3, 1], "texture": "#bottom"},
				"west": {"uv": [3, 0, 13, 1], "texture": "#bottom"},
				"down": {"uv": [1, 13, 11, 16], "rotation": 270, "texture": "#bottom"}
			}
		},
		{
			"from": [1, 4, 3],
			"to": [2, 15, 13],
			"rotation": {"angle": 0, "axis": "y", "origin": [3, 1, 16]},
			"faces": {
				"east": {"uv": [13, 1, 3, 12], "texture": "#bottom"},
				"west": {"uv": [3, 1, 13, 12], "texture": "#bottom"}
			}
		},
		{
			"from": [-0.5, 4, 0],
			"to": [2, 6, 13],
			"rotation": {"angle": 0, "axis": "y", "origin": [3, 1, 16]},
			"faces": {
				"north": {"uv": [0, 10, 3, 12], "texture": "#bottom"},
				"south": {"uv": [13, 10, 10, 12], "texture": "#bottom"},
				"west": {"uv": [0, 10, 13, 12], "texture": "#bottom"},
				"up": {"uv": [13, 10, 0, 12.5], "rotation": 270, "texture": "#bottom"},
				"down": {"uv": [0, 12, 13, 9], "rotation": 270, "texture": "#bottom"}
			}
		},
		{
			"from": [-0.5, 6, 9],
			"to": [2, 7, 11],
			"rotation": {"angle": 0, "axis": "y", "origin": [3, 1, 16]},
			"faces": {
				"north": {"uv": [11.5, 10, 9, 11], "texture": "#bottom"},
				"south": {"uv": [9.5, 10, 9, 11], "texture": "#bottom"},
				"west": {"uv": [9, 9, 11, 10], "texture": "#bottom"},
				"up": {"uv": [9, 9, 11, 11.5], "rotation": 270, "texture": "#bottom"}
			}
		},
		{
			"from": [-0.5, 3, 9],
			"to": [2, 4, 11],
			"rotation": {"angle": 0, "axis": "y", "origin": [3, 1, 16]},
			"faces": {
				"north": {"uv": [10.5, 12, 9, 13], "texture": "#bottom"},
				"south": {"uv": [10.5, 12, 9, 13], "texture": "#bottom"},
				"west": {"uv": [9, 12, 11, 13], "texture": "#bottom"},
				"down": {"uv": [9, 11, 11, 13.5], "rotation": 270, "texture": "#bottom"}
			}
		},
		{
			"from": [1, 3, 9],
			"to": [3.5, 4, 11],
			"rotation": {"angle": 0, "axis": "y", "origin": [3, 1, 16]},
			"faces": {
				"north": {"uv": [10.5, 12, 9, 13], "texture": "#bottom"},
				"east": {"uv": [9, 12, 11, 13], "texture": "#bottom"},
				"south": {"uv": [10.5, 12, 9, 13], "texture": "#bottom"},
				"down": {"uv": [9, 13.5, 11, 11], "rotation": 270, "texture": "#bottom"}
			}
		},
		{
			"from": [1, 6, 9],
			"to": [3.5, 7, 11],
			"rotation": {"angle": 0, "axis": "y", "origin": [3, 1, 16]},
			"faces": {
				"north": {"uv": [11.5, 10, 9, 11], "texture": "#bottom"},
				"east": {"uv": [9, 9, 11, 10], "texture": "#bottom"},
				"south": {"uv": [11.5, 10, 9, 11], "texture": "#bottom"},
				"up": {"uv": [9, 11.5, 11, 9], "rotation": 270, "texture": "#bottom"}
			}
		},
		{
			"from": [1, 4, 0],
			"to": [3.5, 6, 13],
			"rotation": {"angle": 0, "axis": "y", "origin": [3, 1, 16]},
			"faces": {
				"north": {"uv": [0, 10, 3, 12], "texture": "#bottom"},
				"east": {"uv": [13, 10, 0, 12], "texture": "#bottom"},
				"south": {"uv": [13, 10, 10, 12], "texture": "#bottom"},
				"up": {"uv": [13, 13, 0, 10], "rotation": 270, "texture": "#bottom"},
				"down": {"uv": [0, 9, 13, 12], "rotation": 270, "texture": "#bottom"}
			}
		},
		{
			"from": [0.5, 6, 4],
			"to": [2.5, 14, 6],
			"rotation": {"angle": 0, "axis": "y", "origin": [3, 1, 16]},
			"faces": {
				"north": {"uv": [6, 2, 4, 10], "texture": "#bottom"},
				"east": {"uv": [6, 3, 4, 11], "texture": "#bottom"},
				"south": {"uv": [5, 2, 7, 10], "texture": "#bottom"},
				"west": {"uv": [4, 2, 6, 10], "texture": "#bottom"},
				"up": {"uv": [4, 3, 6, 5], "rotation": 90, "texture": "#bottom"}
			}
		},
		{
			"from": [0.5, 6, 7],
			"to": [2.5, 14, 9],
			"rotation": {"angle": 0, "axis": "y", "origin": [3, 1, 16]},
			"faces": {
				"north": {"uv": [9, 2, 7, 10], "texture": "#bottom"},
				"east": {"uv": [9, 3, 7, 11], "texture": "#bottom"},
				"south": {"uv": [8, 3, 10, 11], "texture": "#bottom"},
				"west": {"uv": [7, 2, 9, 10], "texture": "#bottom"},
				"up": {"uv": [7, 3, 9, 5], "rotation": 90, "texture": "#bottom"}
			}
		},
		{
			"from": [0.5, 6, 10],
			"to": [2.5, 14, 12],
			"rotation": {"angle": 0, "axis": "y", "origin": [3, 1, 16]},
			"faces": {
				"north": {"uv": [7, 3, 5, 11], "texture": "#bottom"},
				"east": {"uv": [4, 3, 6, 11], "texture": "#bottom"},
				"south": {"uv": [4, 2, 6, 10], "texture": "#bottom"},
				"west": {"uv": [6, 2, 4, 10], "texture": "#bottom"},
				"up": {"uv": [4, 3, 6, 5], "rotation": 270, "texture": "#bottom"}
			}
		},
		{
			"from": [-0.5, 15, 11],
			"to": [0, 16, 13],
			"rotation": {"angle": 0, "axis": "y", "origin": [3, 1, 16]},
			"faces": {
				"north": {"uv": [15, 7.5, 16, 7], "rotation": 90, "texture": "#1"},
				"south": {"uv": [15, 7.5, 16, 7], "rotation": 90, "texture": "#1"},
				"west": {"uv": [15, 6, 16, 8], "rotation": 90, "texture": "#1"},
				"down": {"uv": [15.5, 8, 15, 6], "rotation": 180, "texture": "#1"}
			}
		},
		{
			"from": [-0.5, 12, 10],
			"to": [0, 13, 14],
			"rotation": {"angle": 0, "axis": "y", "origin": [3, 1, 16]},
			"faces": {
				"north": {"uv": [15, 2, 16, 1], "rotation": 90, "texture": "#1"},
				"east": {"uv": [15, 0, 16, 4], "rotation": 90, "texture": "#1"},
				"south": {"uv": [15, 1, 16, 0], "rotation": 90, "texture": "#1"},
				"west": {"uv": [15, 0, 16, 4], "rotation": 90, "texture": "#1"},
				"up": {"uv": [15, 0, 16, 4], "rotation": 180, "texture": "#1"},
				"down": {"uv": [16, 4, 15, 0], "rotation": 180, "texture": "#1"}
			}
		},
		{
			"from": [-0.5, 13, 13],
			"to": [0, 15, 14],
			"rotation": {"angle": 0, "axis": "y", "origin": [3, 1, 16]},
			"faces": {
				"north": {"uv": [15.5, 4, 15, 6], "texture": "#1"},
				"south": {"uv": [15.5, 4, 15, 6], "texture": "#1"},
				"west": {"uv": [15, 4, 16, 6], "texture": "#1"},
				"up": {"uv": [16, 3.5, 15, 3], "rotation": 270, "texture": "#1"}
			}
		},
		{
			"from": [-0.5, 13, 10],
			"to": [0, 15, 11],
			"rotation": {"angle": 0, "axis": "y", "origin": [3, 1, 16]},
			"faces": {
				"north": {"uv": [16, 4, 15, 6], "texture": "#1"},
				"east": {"uv": [15, 4, 16, 6], "texture": "#1"},
				"south": {"uv": [16, 4, 15, 6], "texture": "#1"},
				"west": {"uv": [15, 4, 16, 6], "texture": "#1"},
				"up": {"uv": [16, 4, 15, 3], "rotation": 270, "texture": "#1"}
			}
		},
		{
			"from": [3, 15, 11],
			"to": [3.5, 16, 13],
			"rotation": {"angle": 0, "axis": "y", "origin": [3, 1, 16]},
			"faces": {
				"north": {"uv": [15, 5.5, 16, 5], "rotation": 90, "texture": "#1"},
				"east": {"uv": [15, 8, 16, 6], "rotation": 90, "texture": "#1"},
				"south": {"uv": [15, 7.5, 16, 7], "rotation": 90, "texture": "#1"},
				"down": {"uv": [15, 8, 15.5, 6], "rotation": 180, "texture": "#1"}
			}
		},
		{
			"from": [3, 13, 10],
			"to": [3.5, 15, 11],
			"rotation": {"angle": 0, "axis": "y", "origin": [3, 1, 16]},
			"faces": {
				"north": {"uv": [16, 4, 15, 6], "texture": "#1"},
				"east": {"uv": [15, 4, 16, 6], "texture": "#1"},
				"south": {"uv": [16, 4, 15, 6], "texture": "#1"},
				"west": {"uv": [15, 4, 16, 6], "texture": "#1"},
				"up": {"uv": [16, 4, 15, 3], "rotation": 90, "texture": "#1"}
			}
		},
		{
			"from": [3, 12, 10],
			"to": [3.5, 13, 14],
			"rotation": {"angle": 0, "axis": "y", "origin": [3, 1, 16]},
			"faces": {
				"north": {"uv": [15, 2, 16, 1], "rotation": 90, "texture": "#1"},
				"east": {"uv": [16, 4, 15, 0], "rotation": 90, "texture": "#1"},
				"south": {"uv": [15, 2, 16, 1], "rotation": 90, "texture": "#1"},
				"west": {"uv": [15, 0, 16, 4], "rotation": 90, "texture": "#1"},
				"up": {"uv": [15, 4, 16, 0], "texture": "#1"},
				"down": {"uv": [16, 0, 15, 4], "texture": "#1"}
			}
		},
		{
			"from": [3, 13, 13],
			"to": [3.5, 15, 14],
			"rotation": {"angle": 0, "axis": "y", "origin": [3, 1, 16]},
			"faces": {
				"north": {"uv": [15.5, 4, 15, 6], "texture": "#1"},
				"east": {"uv": [15, 4, 16, 6], "texture": "#1"},
				"south": {"uv": [15.5, 4, 15, 6], "texture": "#1"},
				"up": {"uv": [16, 3.5, 15, 3], "rotation": 90, "texture": "#1"}
			}
		}
	]
}