{
	"credit": "Made with Blockbench",
	"textures": {
		"0": "block/powered_rail_on",
		"particle": "block/powered_rail_on"
	},
	"elements": [
		{
			"from": [2, 0, 0],
			"to": [3, 1, 1],
			"faces": {
				"north": {"uv": [2, 0, 3, 1], "texture": "#0"},
				"east": {"uv": [2, 0, 3, 1], "texture": "#0"},
				"south": {"uv": [2, 0, 3, 1], "texture": "#0"},
				"west": {"uv": [2, 0, 3, 1], "texture": "#0"},
				"up": {"uv": [2, 0, 3, 1], "texture": "#0"},
				"down": {"uv": [2, 0, 3, 1], "texture": "#0"}
			}
		},
		{
			"from": [2, 0, 1],
			"to": [3, 1, 2],
			"faces": {
				"north": {"uv": [2, 1, 3, 2], "texture": "#0"},
				"east": {"uv": [2, 1, 3, 2], "texture": "#0"},
				"south": {"uv": [2, 1, 3, 2], "texture": "#0"},
				"west": {"uv": [2, 1, 3, 2], "texture": "#0"},
				"up": {"uv": [2, 1, 3, 2], "texture": "#0"},
				"down": {"uv": [2, 1, 3, 2], "texture": "#0"}
			}
		},
		{
			"from": [2, 0, 2],
			"to": [3, 1, 3],
			"faces": {
				"north": {"uv": [2, 2, 3, 3], "texture": "#0"},
				"east": {"uv": [2, 2, 3, 3], "texture": "#0"},
				"south": {"uv": [2, 2, 3, 3], "texture": "#0"},
				"west": {"uv": [2, 2, 3, 3], "texture": "#0"},
				"up": {"uv": [2, 2, 3, 3], "texture": "#0"},
				"down": {"uv": [2, 2, 3, 3], "texture": "#0"}
			}
		},
		{
			"from": [2, 0, 3],
			"to": [3, 1, 4],
			"faces": {
				"north": {"uv": [2, 3, 3, 4], "texture": "#0"},
				"east": {"uv": [2, 3, 3, 4], "texture": "#0"},
				"south": {"uv": [2, 3, 3, 4], "texture": "#0"},
				"west": {"uv": [2, 3, 3, 4], "texture": "#0"},
				"up": {"uv": [2, 3, 3, 4], "texture": "#0"},
				"down": {"uv": [2, 3, 3, 4], "texture": "#0"}
			}
		},
		{
			"from": [2, 0, 4],
			"to": [3, 1, 5],
			"faces": {
				"north": {"uv": [2, 3, 3, 4], "texture": "#0"},
				"east": {"uv": [2, 3, 3, 4], "texture": "#0"},
				"south": {"uv": [2, 3, 3, 4], "texture": "#0"},
				"west": {"uv": [2, 3, 3, 4], "texture": "#0"},
				"up": {"uv": [2, 3, 3, 4], "texture": "#0"},
				"down": {"uv": [2, 3, 3, 4], "texture": "#0"}
			}
		},
		{
			"from": [2, 0, 4],
			"to": [3, 1, 5],
			"faces": {
				"north": {"uv": [2, 4, 3, 5], "texture": "#0"},
				"east": {"uv": [2, 4, 3, 5], "texture": "#0"},
				"south": {"uv": [2, 4, 3, 5], "texture": "#0"},
				"west": {"uv": [2, 4, 3, 5], "texture": "#0"},
				"up": {"uv": [2, 4, 3, 5], "texture": "#0"},
				"down": {"uv": [2, 4, 3, 5], "texture": "#0"}
			}
		},
		{
			"from": [2, 0, 5],
			"to": [3, 1, 6],
			"faces": {
				"north": {"uv": [2, 5, 3, 6], "texture": "#0"},
				"east": {"uv": [2, 5, 3, 6], "texture": "#0"},
				"south": {"uv": [2, 5, 3, 6], "texture": "#0"},
				"west": {"uv": [2, 5, 3, 6], "texture": "#0"},
				"up": {"uv": [2, 5, 3, 6], "texture": "#0"},
				"down": {"uv": [2, 5, 3, 6], "texture": "#0"}
			}
		},
		{
			"from": [2, 0, 6],
			"to": [3, 1, 7],
			"faces": {
				"north": {"uv": [2, 6, 3, 7], "texture": "#0"},
				"east": {"uv": [2, 6, 3, 7], "texture": "#0"},
				"south": {"uv": [2, 6, 3, 7], "texture": "#0"},
				"west": {"uv": [2, 6, 3, 7], "texture": "#0"},
				"up": {"uv": [2, 6, 3, 7], "texture": "#0"},
				"down": {"uv": [2, 6, 3, 7], "texture": "#0"}
			}
		},
		{
			"from": [2, 0, 7],
			"to": [3, 1, 8],
			"faces": {
				"north": {"uv": [2, 7, 3, 8], "texture": "#0"},
				"east": {"uv": [2, 7, 3, 8], "texture": "#0"},
				"south": {"uv": [2, 7, 3, 8], "texture": "#0"},
				"west": {"uv": [2, 7, 3, 8], "texture": "#0"},
				"up": {"uv": [2, 7, 3, 8], "texture": "#0"},
				"down": {"uv": [2, 7, 3, 8], "texture": "#0"}
			}
		},
		{
			"from": [2, 0, 8],
			"to": [3, 1, 9],
			"faces": {
				"north": {"uv": [2, 7, 3, 8], "texture": "#0"},
				"east": {"uv": [2, 7, 3, 8], "texture": "#0"},
				"south": {"uv": [2, 7, 3, 8], "texture": "#0"},
				"west": {"uv": [2, 7, 3, 8], "texture": "#0"},
				"up": {"uv": [2, 7, 3, 8], "texture": "#0"},
				"down": {"uv": [2, 7, 3, 8], "texture": "#0"}
			}
		},
		{
			"from": [2, 0, 8],
			"to": [3, 1, 9],
			"faces": {
				"north": {"uv": [2, 8, 3, 9], "texture": "#0"},
				"east": {"uv": [2, 8, 3, 9], "texture": "#0"},
				"south": {"uv": [2, 8, 3, 9], "texture": "#0"},
				"west": {"uv": [2, 8, 3, 9], "texture": "#0"},
				"up": {"uv": [2, 8, 3, 9], "texture": "#0"},
				"down": {"uv": [2, 8, 3, 9], "texture": "#0"}
			}
		},
		{
			"from": [2, 0, 9],
			"to": [3, 1, 10],
			"faces": {
				"north": {"uv": [2, 9, 3, 10], "texture": "#0"},
				"east": {"uv": [2, 9, 3, 10], "texture": "#0"},
				"south": {"uv": [2, 9, 3, 10], "texture": "#0"},
				"west": {"uv": [2, 9, 3, 10], "texture": "#0"},
				"up": {"uv": [2, 9, 3, 10], "texture": "#0"},
				"down": {"uv": [2, 9, 3, 10], "texture": "#0"}
			}
		},
		{
			"from": [2, 0, 10],
			"to": [3, 1, 11],
			"faces": {
				"north": {"uv": [2, 10, 3, 11], "texture": "#0"},
				"east": {"uv": [2, 10, 3, 11], "texture": "#0"},
				"south": {"uv": [2, 10, 3, 11], "texture": "#0"},
				"west": {"uv": [2, 10, 3, 11], "texture": "#0"},
				"up": {"uv": [2, 10, 3, 11], "texture": "#0"},
				"down": {"uv": [2, 10, 3, 11], "texture": "#0"}
			}
		},
		{
			"from": [1, 0, 10],
			"to": [2, 1, 11],
			"faces": {
				"north": {"uv": [1, 10, 2, 11], "texture": "#0"},
				"east": {"uv": [1, 10, 2, 11], "texture": "#0"},
				"south": {"uv": [1, 10, 2, 11], "texture": "#0"},
				"west": {"uv": [1, 10, 2, 11], "texture": "#0"},
				"up": {"uv": [1, 10, 2, 11], "texture": "#0"},
				"down": {"uv": [1, 10, 2, 11], "texture": "#0"}
			}
		},
		{
			"from": [1, 0, 9],
			"to": [2, 1, 10],
			"faces": {
				"north": {"uv": [1, 9, 2, 10], "texture": "#0"},
				"east": {"uv": [1, 9, 2, 10], "texture": "#0"},
				"south": {"uv": [1, 9, 2, 10], "texture": "#0"},
				"west": {"uv": [1, 9, 2, 10], "texture": "#0"},
				"up": {"uv": [1, 9, 2, 10], "texture": "#0"},
				"down": {"uv": [1, 9, 2, 10], "texture": "#0"}
			}
		},
		{
			"from": [1, 0, 5],
			"to": [2, 1, 6],
			"faces": {
				"north": {"uv": [1, 5, 2, 6], "texture": "#0"},
				"east": {"uv": [1, 5, 2, 6], "texture": "#0"},
				"south": {"uv": [1, 5, 2, 6], "texture": "#0"},
				"west": {"uv": [1, 5, 2, 6], "texture": "#0"},
				"up": {"uv": [1, 5, 2, 6], "texture": "#0"},
				"down": {"uv": [1, 5, 2, 6], "texture": "#0"}
			}
		},
		{
			"from": [1, 0, 6],
			"to": [2, 1, 7],
			"faces": {
				"north": {"uv": [1, 6, 2, 7], "texture": "#0"},
				"east": {"uv": [1, 6, 2, 7], "texture": "#0"},
				"south": {"uv": [1, 6, 2, 7], "texture": "#0"},
				"west": {"uv": [1, 6, 2, 7], "texture": "#0"},
				"up": {"uv": [1, 6, 2, 7], "texture": "#0"},
				"down": {"uv": [1, 6, 2, 7], "texture": "#0"}
			}
		},
		{
			"from": [1, 0, 1],
			"to": [2, 1, 2],
			"faces": {
				"north": {"uv": [1, 1, 2, 2], "texture": "#0"},
				"east": {"uv": [1, 1, 2, 2], "texture": "#0"},
				"south": {"uv": [1, 1, 2, 2], "texture": "#0"},
				"west": {"uv": [1, 1, 2, 2], "texture": "#0"},
				"up": {"uv": [1, 1, 2, 2], "texture": "#0"},
				"down": {"uv": [1, 1, 2, 2], "texture": "#0"}
			}
		},
		{
			"from": [1, 0, 2],
			"to": [2, 1, 3],
			"faces": {
				"north": {"uv": [1, 2, 2, 3], "texture": "#0"},
				"east": {"uv": [1, 2, 2, 3], "texture": "#0"},
				"south": {"uv": [1, 2, 2, 3], "texture": "#0"},
				"west": {"uv": [1, 2, 2, 3], "texture": "#0"},
				"up": {"uv": [1, 2, 2, 3], "texture": "#0"},
				"down": {"uv": [1, 2, 2, 3], "texture": "#0"}
			}
		},
		{
			"from": [2, 0, 11],
			"to": [3, 1, 12],
			"faces": {
				"north": {"uv": [2, 11, 3, 12], "texture": "#0"},
				"east": {"uv": [2, 11, 3, 12], "texture": "#0"},
				"south": {"uv": [2, 11, 3, 12], "texture": "#0"},
				"west": {"uv": [2, 11, 3, 12], "texture": "#0"},
				"up": {"uv": [2, 11, 3, 12], "texture": "#0"},
				"down": {"uv": [2, 11, 3, 12], "texture": "#0"}
			}
		},
		{
			"from": [2, 0, 12],
			"to": [3, 1, 13],
			"faces": {
				"north": {"uv": [2, 12, 3, 13], "texture": "#0"},
				"east": {"uv": [2, 12, 3, 13], "texture": "#0"},
				"south": {"uv": [2, 12, 3, 13], "texture": "#0"},
				"west": {"uv": [2, 12, 3, 13], "texture": "#0"},
				"up": {"uv": [2, 12, 3, 13], "texture": "#0"},
				"down": {"uv": [2, 12, 3, 13], "texture": "#0"}
			}
		},
		{
			"from": [2, 0, 13],
			"to": [3, 1, 14],
			"faces": {
				"north": {"uv": [2, 13, 3, 14], "texture": "#0"},
				"east": {"uv": [2, 13, 3, 14], "texture": "#0"},
				"south": {"uv": [2, 13, 3, 14], "texture": "#0"},
				"west": {"uv": [2, 13, 3, 14], "texture": "#0"},
				"up": {"uv": [2, 13, 3, 14], "texture": "#0"},
				"down": {"uv": [2, 13, 3, 14], "texture": "#0"}
			}
		},
		{
			"from": [1, 0, 13],
			"to": [2, 1, 14],
			"faces": {
				"north": {"uv": [1, 13, 2, 14], "texture": "#0"},
				"east": {"uv": [1, 13, 2, 14], "texture": "#0"},
				"south": {"uv": [1, 13, 2, 14], "texture": "#0"},
				"west": {"uv": [1, 13, 2, 14], "texture": "#0"},
				"up": {"uv": [1, 13, 2, 14], "texture": "#0"},
				"down": {"uv": [1, 13, 2, 14], "texture": "#0"}
			}
		},
		{
			"from": [1, 0, 14],
			"to": [2, 1, 15],
			"faces": {
				"north": {"uv": [1, 14, 2, 15], "texture": "#0"},
				"east": {"uv": [1, 14, 2, 15], "texture": "#0"},
				"south": {"uv": [1, 14, 2, 15], "texture": "#0"},
				"west": {"uv": [1, 14, 2, 15], "texture": "#0"},
				"up": {"uv": [1, 14, 2, 15], "texture": "#0"},
				"down": {"uv": [1, 14, 2, 15], "texture": "#0"}
			}
		},
		{
			"from": [2, 0, 14],
			"to": [3, 1, 15],
			"faces": {
				"north": {"uv": [2, 14, 3, 15], "texture": "#0"},
				"east": {"uv": [2, 14, 3, 15], "texture": "#0"},
				"south": {"uv": [2, 14, 3, 15], "texture": "#0"},
				"west": {"uv": [2, 14, 3, 15], "texture": "#0"},
				"up": {"uv": [2, 14, 3, 15], "texture": "#0"},
				"down": {"uv": [2, 14, 3, 15], "texture": "#0"}
			}
		},
		{
			"from": [2, 0, 15],
			"to": [3, 1, 16],
			"faces": {
				"north": {"uv": [2, 15, 3, 16], "texture": "#0"},
				"east": {"uv": [2, 15, 3, 16], "texture": "#0"},
				"south": {"uv": [2, 15, 3, 16], "texture": "#0"},
				"west": {"uv": [2, 15, 3, 16], "texture": "#0"},
				"up": {"uv": [2, 15, 3, 16], "texture": "#0"},
				"down": {"uv": [2, 15, 3, 16], "texture": "#0"}
			}
		},
		{
			"from": [2, 0, 15],
			"to": [3, 1, 16],
			"faces": {
				"north": {"uv": [2, 15, 3, 16], "texture": "#0"},
				"east": {"uv": [2, 15, 3, 16], "texture": "#0"},
				"south": {"uv": [2, 15, 3, 16], "texture": "#0"},
				"west": {"uv": [2, 15, 3, 16], "texture": "#0"},
				"up": {"uv": [2, 15, 3, 16], "texture": "#0"},
				"down": {"uv": [2, 15, 3, 16], "texture": "#0"}
			}
		},
		{
			"from": [3, 0, 0],
			"to": [4, 1, 1],
			"faces": {
				"north": {"uv": [3, 0, 4, 1], "texture": "#0"},
				"east": {"uv": [3, 0, 4, 1], "texture": "#0"},
				"south": {"uv": [3, 0, 4, 1], "texture": "#0"},
				"west": {"uv": [3, 0, 4, 1], "texture": "#0"},
				"up": {"uv": [3, 0, 4, 1], "texture": "#0"},
				"down": {"uv": [3, 0, 4, 1], "texture": "#0"}
			}
		},
		{
			"from": [3, 0, 1],
			"to": [4, 1, 2],
			"faces": {
				"north": {"uv": [3, 1, 4, 2], "texture": "#0"},
				"east": {"uv": [3, 1, 4, 2], "texture": "#0"},
				"south": {"uv": [3, 1, 4, 2], "texture": "#0"},
				"west": {"uv": [3, 1, 4, 2], "texture": "#0"},
				"up": {"uv": [3, 1, 4, 2], "texture": "#0"},
				"down": {"uv": [3, 1, 4, 2], "texture": "#0"}
			}
		},
		{
			"from": [3, 0, 2],
			"to": [4, 1, 3],
			"faces": {
				"north": {"uv": [3, 2, 4, 3], "texture": "#0"},
				"east": {"uv": [3, 2, 4, 3], "texture": "#0"},
				"south": {"uv": [3, 2, 4, 3], "texture": "#0"},
				"west": {"uv": [3, 2, 4, 3], "texture": "#0"},
				"up": {"uv": [3, 2, 4, 3], "texture": "#0"},
				"down": {"uv": [3, 2, 4, 3], "texture": "#0"}
			}
		},
		{
			"from": [3, 0, 3],
			"to": [4, 1, 4],
			"faces": {
				"north": {"uv": [3, 3, 4, 4], "texture": "#0"},
				"east": {"uv": [3, 3, 4, 4], "texture": "#0"},
				"south": {"uv": [3, 3, 4, 4], "texture": "#0"},
				"west": {"uv": [3, 3, 4, 4], "texture": "#0"},
				"up": {"uv": [3, 3, 4, 4], "texture": "#0"},
				"down": {"uv": [3, 3, 4, 4], "texture": "#0"}
			}
		},
		{
			"from": [3, 0, 4],
			"to": [4, 1, 5],
			"faces": {
				"north": {"uv": [3, 3, 4, 4], "texture": "#0"},
				"east": {"uv": [3, 3, 4, 4], "texture": "#0"},
				"south": {"uv": [3, 3, 4, 4], "texture": "#0"},
				"west": {"uv": [3, 3, 4, 4], "texture": "#0"},
				"up": {"uv": [3, 3, 4, 4], "texture": "#0"},
				"down": {"uv": [3, 3, 4, 4], "texture": "#0"}
			}
		},
		{
			"from": [3, 0, 4],
			"to": [4, 1, 5],
			"faces": {
				"north": {"uv": [3, 4, 4, 5], "texture": "#0"},
				"east": {"uv": [3, 4, 4, 5], "texture": "#0"},
				"south": {"uv": [3, 4, 4, 5], "texture": "#0"},
				"west": {"uv": [3, 4, 4, 5], "texture": "#0"},
				"up": {"uv": [3, 4, 4, 5], "texture": "#0"},
				"down": {"uv": [3, 4, 4, 5], "texture": "#0"}
			}
		},
		{
			"from": [3, 0, 5],
			"to": [4, 1, 6],
			"faces": {
				"north": {"uv": [3, 5, 4, 6], "texture": "#0"},
				"east": {"uv": [3, 5, 4, 6], "texture": "#0"},
				"south": {"uv": [3, 5, 4, 6], "texture": "#0"},
				"west": {"uv": [3, 5, 4, 6], "texture": "#0"},
				"up": {"uv": [3, 5, 4, 6], "texture": "#0"},
				"down": {"uv": [3, 5, 4, 6], "texture": "#0"}
			}
		},
		{
			"from": [3, 0, 6],
			"to": [4, 1, 7],
			"faces": {
				"north": {"uv": [3, 6, 4, 7], "texture": "#0"},
				"east": {"uv": [3, 6, 4, 7], "texture": "#0"},
				"south": {"uv": [3, 6, 4, 7], "texture": "#0"},
				"west": {"uv": [3, 6, 4, 7], "texture": "#0"},
				"up": {"uv": [3, 6, 4, 7], "texture": "#0"},
				"down": {"uv": [3, 6, 4, 7], "texture": "#0"}
			}
		},
		{
			"from": [3, 0, 7],
			"to": [4, 1, 8],
			"faces": {
				"north": {"uv": [3, 7, 4, 8], "texture": "#0"},
				"east": {"uv": [3, 7, 4, 8], "texture": "#0"},
				"south": {"uv": [3, 7, 4, 8], "texture": "#0"},
				"west": {"uv": [3, 7, 4, 8], "texture": "#0"},
				"up": {"uv": [3, 7, 4, 8], "texture": "#0"},
				"down": {"uv": [3, 7, 4, 8], "texture": "#0"}
			}
		},
		{
			"from": [3, 0, 8],
			"to": [4, 1, 9],
			"faces": {
				"north": {"uv": [3, 7, 4, 8], "texture": "#0"},
				"east": {"uv": [3, 7, 4, 8], "texture": "#0"},
				"south": {"uv": [3, 7, 4, 8], "texture": "#0"},
				"west": {"uv": [3, 7, 4, 8], "texture": "#0"},
				"up": {"uv": [3, 7, 4, 8], "texture": "#0"},
				"down": {"uv": [3, 7, 4, 8], "texture": "#0"}
			}
		},
		{
			"from": [3, 0, 8],
			"to": [4, 1, 9],
			"faces": {
				"north": {"uv": [3, 8, 4, 9], "texture": "#0"},
				"east": {"uv": [3, 8, 4, 9], "texture": "#0"},
				"south": {"uv": [3, 8, 4, 9], "texture": "#0"},
				"west": {"uv": [3, 8, 4, 9], "texture": "#0"},
				"up": {"uv": [3, 8, 4, 9], "texture": "#0"},
				"down": {"uv": [3, 8, 4, 9], "texture": "#0"}
			}
		},
		{
			"from": [3, 0, 9],
			"to": [4, 1, 10],
			"faces": {
				"north": {"uv": [3, 9, 4, 10], "texture": "#0"},
				"east": {"uv": [3, 9, 4, 10], "texture": "#0"},
				"south": {"uv": [3, 9, 4, 10], "texture": "#0"},
				"west": {"uv": [3, 9, 4, 10], "texture": "#0"},
				"up": {"uv": [3, 9, 4, 10], "texture": "#0"},
				"down": {"uv": [3, 9, 4, 10], "texture": "#0"}
			}
		},
		{
			"from": [3, 0, 10],
			"to": [4, 1, 11],
			"faces": {
				"north": {"uv": [3, 10, 4, 11], "texture": "#0"},
				"east": {"uv": [3, 10, 4, 11], "texture": "#0"},
				"south": {"uv": [3, 10, 4, 11], "texture": "#0"},
				"west": {"uv": [3, 10, 4, 11], "texture": "#0"},
				"up": {"uv": [3, 10, 4, 11], "texture": "#0"},
				"down": {"uv": [3, 10, 4, 11], "texture": "#0"}
			}
		},
		{
			"from": [3, 0, 11],
			"to": [4, 1, 12],
			"faces": {
				"north": {"uv": [3, 11, 4, 12], "texture": "#0"},
				"east": {"uv": [3, 11, 4, 12], "texture": "#0"},
				"south": {"uv": [3, 11, 4, 12], "texture": "#0"},
				"west": {"uv": [3, 11, 4, 12], "texture": "#0"},
				"up": {"uv": [3, 11, 4, 12], "texture": "#0"},
				"down": {"uv": [3, 11, 4, 12], "texture": "#0"}
			}
		},
		{
			"from": [3, 0, 12],
			"to": [4, 1, 13],
			"faces": {
				"north": {"uv": [3, 12, 4, 13], "texture": "#0"},
				"east": {"uv": [3, 12, 4, 13], "texture": "#0"},
				"south": {"uv": [3, 12, 4, 13], "texture": "#0"},
				"west": {"uv": [3, 12, 4, 13], "texture": "#0"},
				"up": {"uv": [3, 12, 4, 13], "texture": "#0"},
				"down": {"uv": [3, 12, 4, 13], "texture": "#0"}
			}
		},
		{
			"from": [3, 0, 13],
			"to": [4, 1, 14],
			"faces": {
				"north": {"uv": [3, 13, 4, 14], "texture": "#0"},
				"east": {"uv": [3, 13, 4, 14], "texture": "#0"},
				"south": {"uv": [3, 13, 4, 14], "texture": "#0"},
				"west": {"uv": [3, 13, 4, 14], "texture": "#0"},
				"up": {"uv": [3, 13, 4, 14], "texture": "#0"},
				"down": {"uv": [3, 13, 4, 14], "texture": "#0"}
			}
		},
		{
			"from": [3, 0, 14],
			"to": [4, 1, 15],
			"faces": {
				"north": {"uv": [3, 14, 4, 15], "texture": "#0"},
				"east": {"uv": [3, 14, 4, 15], "texture": "#0"},
				"south": {"uv": [3, 14, 4, 15], "texture": "#0"},
				"west": {"uv": [3, 14, 4, 15], "texture": "#0"},
				"up": {"uv": [3, 14, 4, 15], "texture": "#0"},
				"down": {"uv": [3, 14, 4, 15], "texture": "#0"}
			}
		},
		{
			"from": [3, 0, 15],
			"to": [4, 1, 16],
			"faces": {
				"north": {"uv": [3, 15, 4, 16], "texture": "#0"},
				"east": {"uv": [3, 15, 4, 16], "texture": "#0"},
				"south": {"uv": [3, 15, 4, 16], "texture": "#0"},
				"west": {"uv": [3, 15, 4, 16], "texture": "#0"},
				"up": {"uv": [3, 15, 4, 16], "texture": "#0"},
				"down": {"uv": [3, 15, 4, 16], "texture": "#0"}
			}
		},
		{
			"from": [3, 0, 15],
			"to": [4, 1, 16],
			"faces": {
				"north": {"uv": [3, 15, 4, 16], "texture": "#0"},
				"east": {"uv": [3, 15, 4, 16], "texture": "#0"},
				"south": {"uv": [3, 15, 4, 16], "texture": "#0"},
				"west": {"uv": [3, 15, 4, 16], "texture": "#0"},
				"up": {"uv": [3, 15, 4, 16], "texture": "#0"},
				"down": {"uv": [3, 15, 4, 16], "texture": "#0"}
			}
		},
		{
			"from": [2, 1, 0],
			"to": [3, 2, 1],
			"faces": {
				"north": {"uv": [2, 0, 3, 1], "texture": "#0"},
				"east": {"uv": [2, 0, 3, 1], "texture": "#0"},
				"south": {"uv": [2, 0, 3, 1], "texture": "#0"},
				"west": {"uv": [2, 0, 3, 1], "texture": "#0"},
				"up": {"uv": [2, 0, 3, 1], "texture": "#0"},
				"down": {"uv": [2, 0, 3, 1], "texture": "#0"}
			}
		},
		{
			"from": [2, 1, 1],
			"to": [3, 2, 2],
			"faces": {
				"north": {"uv": [2, 1, 3, 2], "texture": "#0"},
				"east": {"uv": [2, 1, 3, 2], "texture": "#0"},
				"south": {"uv": [2, 1, 3, 2], "texture": "#0"},
				"west": {"uv": [2, 1, 3, 2], "texture": "#0"},
				"up": {"uv": [2, 1, 3, 2], "texture": "#0"},
				"down": {"uv": [2, 1, 3, 2], "texture": "#0"}
			}
		},
		{
			"from": [2, 1, 2],
			"to": [3, 2, 3],
			"faces": {
				"north": {"uv": [2, 2, 3, 3], "texture": "#0"},
				"east": {"uv": [2, 2, 3, 3], "texture": "#0"},
				"south": {"uv": [2, 2, 3, 3], "texture": "#0"},
				"west": {"uv": [2, 2, 3, 3], "texture": "#0"},
				"up": {"uv": [2, 2, 3, 3], "texture": "#0"},
				"down": {"uv": [2, 2, 3, 3], "texture": "#0"}
			}
		},
		{
			"from": [2, 1, 3],
			"to": [3, 2, 4],
			"faces": {
				"north": {"uv": [2, 3, 3, 4], "texture": "#0"},
				"east": {"uv": [2, 3, 3, 4], "texture": "#0"},
				"south": {"uv": [2, 3, 3, 4], "texture": "#0"},
				"west": {"uv": [2, 3, 3, 4], "texture": "#0"},
				"up": {"uv": [2, 3, 3, 4], "texture": "#0"},
				"down": {"uv": [2, 3, 3, 4], "texture": "#0"}
			}
		},
		{
			"from": [2, 1, 4],
			"to": [3, 2, 5],
			"faces": {
				"north": {"uv": [2, 3, 3, 4], "texture": "#0"},
				"east": {"uv": [2, 3, 3, 4], "texture": "#0"},
				"south": {"uv": [2, 3, 3, 4], "texture": "#0"},
				"west": {"uv": [2, 3, 3, 4], "texture": "#0"},
				"up": {"uv": [2, 3, 3, 4], "texture": "#0"},
				"down": {"uv": [2, 3, 3, 4], "texture": "#0"}
			}
		},
		{
			"from": [2, 1, 4],
			"to": [3, 2, 5],
			"faces": {
				"north": {"uv": [2, 4, 3, 5], "texture": "#0"},
				"east": {"uv": [2, 4, 3, 5], "texture": "#0"},
				"south": {"uv": [2, 4, 3, 5], "texture": "#0"},
				"west": {"uv": [2, 4, 3, 5], "texture": "#0"},
				"up": {"uv": [2, 4, 3, 5], "texture": "#0"},
				"down": {"uv": [2, 4, 3, 5], "texture": "#0"}
			}
		},
		{
			"from": [2, 1, 5],
			"to": [3, 2, 6],
			"faces": {
				"north": {"uv": [2, 5, 3, 6], "texture": "#0"},
				"east": {"uv": [2, 5, 3, 6], "texture": "#0"},
				"south": {"uv": [2, 5, 3, 6], "texture": "#0"},
				"west": {"uv": [2, 5, 3, 6], "texture": "#0"},
				"up": {"uv": [2, 5, 3, 6], "texture": "#0"},
				"down": {"uv": [2, 5, 3, 6], "texture": "#0"}
			}
		},
		{
			"from": [2, 1, 6],
			"to": [3, 2, 7],
			"faces": {
				"north": {"uv": [2, 6, 3, 7], "texture": "#0"},
				"east": {"uv": [2, 6, 3, 7], "texture": "#0"},
				"south": {"uv": [2, 6, 3, 7], "texture": "#0"},
				"west": {"uv": [2, 6, 3, 7], "texture": "#0"},
				"up": {"uv": [2, 6, 3, 7], "texture": "#0"},
				"down": {"uv": [2, 6, 3, 7], "texture": "#0"}
			}
		},
		{
			"from": [2, 1, 7],
			"to": [3, 2, 8],
			"faces": {
				"north": {"uv": [2, 7, 3, 8], "texture": "#0"},
				"east": {"uv": [2, 7, 3, 8], "texture": "#0"},
				"south": {"uv": [2, 7, 3, 8], "texture": "#0"},
				"west": {"uv": [2, 7, 3, 8], "texture": "#0"},
				"up": {"uv": [2, 7, 3, 8], "texture": "#0"},
				"down": {"uv": [2, 7, 3, 8], "texture": "#0"}
			}
		},
		{
			"from": [2, 1, 8],
			"to": [3, 2, 9],
			"faces": {
				"north": {"uv": [2, 7, 3, 8], "texture": "#0"},
				"east": {"uv": [2, 7, 3, 8], "texture": "#0"},
				"south": {"uv": [2, 7, 3, 8], "texture": "#0"},
				"west": {"uv": [2, 7, 3, 8], "texture": "#0"},
				"up": {"uv": [2, 7, 3, 8], "texture": "#0"},
				"down": {"uv": [2, 7, 3, 8], "texture": "#0"}
			}
		},
		{
			"from": [2, 1, 8],
			"to": [3, 2, 9],
			"faces": {
				"north": {"uv": [2, 8, 3, 9], "texture": "#0"},
				"east": {"uv": [2, 8, 3, 9], "texture": "#0"},
				"south": {"uv": [2, 8, 3, 9], "texture": "#0"},
				"west": {"uv": [2, 8, 3, 9], "texture": "#0"},
				"up": {"uv": [2, 8, 3, 9], "texture": "#0"},
				"down": {"uv": [2, 8, 3, 9], "texture": "#0"}
			}
		},
		{
			"from": [2, 1, 9],
			"to": [3, 2, 10],
			"faces": {
				"north": {"uv": [2, 9, 3, 10], "texture": "#0"},
				"east": {"uv": [2, 9, 3, 10], "texture": "#0"},
				"south": {"uv": [2, 9, 3, 10], "texture": "#0"},
				"west": {"uv": [2, 9, 3, 10], "texture": "#0"},
				"up": {"uv": [2, 9, 3, 10], "texture": "#0"},
				"down": {"uv": [2, 9, 3, 10], "texture": "#0"}
			}
		},
		{
			"from": [2, 1, 10],
			"to": [3, 2, 11],
			"faces": {
				"north": {"uv": [2, 10, 3, 11], "texture": "#0"},
				"east": {"uv": [2, 10, 3, 11], "texture": "#0"},
				"south": {"uv": [2, 10, 3, 11], "texture": "#0"},
				"west": {"uv": [2, 10, 3, 11], "texture": "#0"},
				"up": {"uv": [2, 10, 3, 11], "texture": "#0"},
				"down": {"uv": [2, 10, 3, 11], "texture": "#0"}
			}
		},
		{
			"from": [2, 1, 11],
			"to": [3, 2, 12],
			"faces": {
				"north": {"uv": [2, 11, 3, 12], "texture": "#0"},
				"east": {"uv": [2, 11, 3, 12], "texture": "#0"},
				"south": {"uv": [2, 11, 3, 12], "texture": "#0"},
				"west": {"uv": [2, 11, 3, 12], "texture": "#0"},
				"up": {"uv": [2, 11, 3, 12], "texture": "#0"},
				"down": {"uv": [2, 11, 3, 12], "texture": "#0"}
			}
		},
		{
			"from": [2, 1, 12],
			"to": [3, 2, 13],
			"faces": {
				"north": {"uv": [2, 12, 3, 13], "texture": "#0"},
				"east": {"uv": [2, 12, 3, 13], "texture": "#0"},
				"south": {"uv": [2, 12, 3, 13], "texture": "#0"},
				"west": {"uv": [2, 12, 3, 13], "texture": "#0"},
				"up": {"uv": [2, 12, 3, 13], "texture": "#0"},
				"down": {"uv": [2, 12, 3, 13], "texture": "#0"}
			}
		},
		{
			"from": [2, 1, 13],
			"to": [3, 2, 14],
			"faces": {
				"north": {"uv": [2, 13, 3, 14], "texture": "#0"},
				"east": {"uv": [2, 13, 3, 14], "texture": "#0"},
				"south": {"uv": [2, 13, 3, 14], "texture": "#0"},
				"west": {"uv": [2, 13, 3, 14], "texture": "#0"},
				"up": {"uv": [2, 13, 3, 14], "texture": "#0"},
				"down": {"uv": [2, 13, 3, 14], "texture": "#0"}
			}
		},
		{
			"from": [2, 1, 14],
			"to": [3, 2, 15],
			"faces": {
				"north": {"uv": [2, 14, 3, 15], "texture": "#0"},
				"east": {"uv": [2, 14, 3, 15], "texture": "#0"},
				"south": {"uv": [2, 14, 3, 15], "texture": "#0"},
				"west": {"uv": [2, 14, 3, 15], "texture": "#0"},
				"up": {"uv": [2, 14, 3, 15], "texture": "#0"},
				"down": {"uv": [2, 14, 3, 15], "texture": "#0"}
			}
		},
		{
			"from": [2, 1, 15],
			"to": [3, 2, 16],
			"faces": {
				"north": {"uv": [2, 15, 3, 16], "texture": "#0"},
				"east": {"uv": [2, 15, 3, 16], "texture": "#0"},
				"south": {"uv": [2, 15, 3, 16], "texture": "#0"},
				"west": {"uv": [2, 15, 3, 16], "texture": "#0"},
				"up": {"uv": [2, 15, 3, 16], "texture": "#0"},
				"down": {"uv": [2, 15, 3, 16], "texture": "#0"}
			}
		},
		{
			"from": [2, 1, 15],
			"to": [3, 2, 16],
			"faces": {
				"north": {"uv": [2, 15, 3, 16], "texture": "#0"},
				"east": {"uv": [2, 15, 3, 16], "texture": "#0"},
				"south": {"uv": [2, 15, 3, 16], "texture": "#0"},
				"west": {"uv": [2, 15, 3, 16], "texture": "#0"},
				"up": {"uv": [2, 15, 3, 16], "texture": "#0"},
				"down": {"uv": [2, 15, 3, 16], "texture": "#0"}
			}
		},
		{
			"from": [3, 1, 15],
			"to": [4, 2, 16],
			"faces": {
				"north": {"uv": [3, 15, 4, 16], "texture": "#0"},
				"east": {"uv": [3, 15, 4, 16], "texture": "#0"},
				"south": {"uv": [3, 15, 4, 16], "texture": "#0"},
				"west": {"uv": [3, 15, 4, 16], "texture": "#0"},
				"up": {"uv": [3, 15, 4, 16], "texture": "#0"},
				"down": {"uv": [3, 15, 4, 16], "texture": "#0"}
			}
		},
		{
			"from": [3, 1, 15],
			"to": [4, 2, 16],
			"faces": {
				"north": {"uv": [3, 15, 4, 16], "texture": "#0"},
				"east": {"uv": [3, 15, 4, 16], "texture": "#0"},
				"south": {"uv": [3, 15, 4, 16], "texture": "#0"},
				"west": {"uv": [3, 15, 4, 16], "texture": "#0"},
				"up": {"uv": [3, 15, 4, 16], "texture": "#0"},
				"down": {"uv": [3, 15, 4, 16], "texture": "#0"}
			}
		},
		{
			"from": [3, 1, 14],
			"to": [4, 2, 15],
			"faces": {
				"north": {"uv": [3, 14, 4, 15], "texture": "#0"},
				"east": {"uv": [3, 14, 4, 15], "texture": "#0"},
				"south": {"uv": [3, 14, 4, 15], "texture": "#0"},
				"west": {"uv": [3, 14, 4, 15], "texture": "#0"},
				"up": {"uv": [3, 14, 4, 15], "texture": "#0"},
				"down": {"uv": [3, 14, 4, 15], "texture": "#0"}
			}
		},
		{
			"from": [3, 1, 13],
			"to": [4, 2, 14],
			"faces": {
				"north": {"uv": [3, 13, 4, 14], "texture": "#0"},
				"east": {"uv": [3, 13, 4, 14], "texture": "#0"},
				"south": {"uv": [3, 13, 4, 14], "texture": "#0"},
				"west": {"uv": [3, 13, 4, 14], "texture": "#0"},
				"up": {"uv": [3, 13, 4, 14], "texture": "#0"},
				"down": {"uv": [3, 13, 4, 14], "texture": "#0"}
			}
		},
		{
			"from": [3, 1, 12],
			"to": [4, 2, 13],
			"faces": {
				"north": {"uv": [3, 12, 4, 13], "texture": "#0"},
				"east": {"uv": [3, 12, 4, 13], "texture": "#0"},
				"south": {"uv": [3, 12, 4, 13], "texture": "#0"},
				"west": {"uv": [3, 12, 4, 13], "texture": "#0"},
				"up": {"uv": [3, 12, 4, 13], "texture": "#0"},
				"down": {"uv": [3, 12, 4, 13], "texture": "#0"}
			}
		},
		{
			"from": [3, 1, 11],
			"to": [4, 2, 12],
			"faces": {
				"north": {"uv": [3, 11, 4, 12], "texture": "#0"},
				"east": {"uv": [3, 11, 4, 12], "texture": "#0"},
				"south": {"uv": [3, 11, 4, 12], "texture": "#0"},
				"west": {"uv": [3, 11, 4, 12], "texture": "#0"},
				"up": {"uv": [3, 11, 4, 12], "texture": "#0"},
				"down": {"uv": [3, 11, 4, 12], "texture": "#0"}
			}
		},
		{
			"from": [3, 1, 10],
			"to": [4, 2, 11],
			"faces": {
				"north": {"uv": [3, 10, 4, 11], "texture": "#0"},
				"east": {"uv": [3, 10, 4, 11], "texture": "#0"},
				"south": {"uv": [3, 10, 4, 11], "texture": "#0"},
				"west": {"uv": [3, 10, 4, 11], "texture": "#0"},
				"up": {"uv": [3, 10, 4, 11], "texture": "#0"},
				"down": {"uv": [3, 10, 4, 11], "texture": "#0"}
			}
		},
		{
			"from": [3, 1, 9],
			"to": [4, 2, 10],
			"faces": {
				"north": {"uv": [3, 9, 4, 10], "texture": "#0"},
				"east": {"uv": [3, 9, 4, 10], "texture": "#0"},
				"south": {"uv": [3, 9, 4, 10], "texture": "#0"},
				"west": {"uv": [3, 9, 4, 10], "texture": "#0"},
				"up": {"uv": [3, 9, 4, 10], "texture": "#0"},
				"down": {"uv": [3, 9, 4, 10], "texture": "#0"}
			}
		},
		{
			"from": [3, 1, 8],
			"to": [4, 2, 9],
			"faces": {
				"north": {"uv": [3, 8, 4, 9], "texture": "#0"},
				"east": {"uv": [3, 8, 4, 9], "texture": "#0"},
				"south": {"uv": [3, 8, 4, 9], "texture": "#0"},
				"west": {"uv": [3, 8, 4, 9], "texture": "#0"},
				"up": {"uv": [3, 8, 4, 9], "texture": "#0"},
				"down": {"uv": [3, 8, 4, 9], "texture": "#0"}
			}
		},
		{
			"from": [3, 1, 8],
			"to": [4, 2, 9],
			"faces": {
				"north": {"uv": [3, 7, 4, 8], "texture": "#0"},
				"east": {"uv": [3, 7, 4, 8], "texture": "#0"},
				"south": {"uv": [3, 7, 4, 8], "texture": "#0"},
				"west": {"uv": [3, 7, 4, 8], "texture": "#0"},
				"up": {"uv": [3, 7, 4, 8], "texture": "#0"},
				"down": {"uv": [3, 7, 4, 8], "texture": "#0"}
			}
		},
		{
			"from": [3, 1, 7],
			"to": [4, 2, 8],
			"faces": {
				"north": {"uv": [3, 7, 4, 8], "texture": "#0"},
				"east": {"uv": [3, 7, 4, 8], "texture": "#0"},
				"south": {"uv": [3, 7, 4, 8], "texture": "#0"},
				"west": {"uv": [3, 7, 4, 8], "texture": "#0"},
				"up": {"uv": [3, 7, 4, 8], "texture": "#0"},
				"down": {"uv": [3, 7, 4, 8], "texture": "#0"}
			}
		},
		{
			"from": [3, 1, 6],
			"to": [4, 2, 7],
			"faces": {
				"north": {"uv": [3, 6, 4, 7], "texture": "#0"},
				"east": {"uv": [3, 6, 4, 7], "texture": "#0"},
				"south": {"uv": [3, 6, 4, 7], "texture": "#0"},
				"west": {"uv": [3, 6, 4, 7], "texture": "#0"},
				"up": {"uv": [3, 6, 4, 7], "texture": "#0"},
				"down": {"uv": [3, 6, 4, 7], "texture": "#0"}
			}
		},
		{
			"from": [3, 1, 5],
			"to": [4, 2, 6],
			"faces": {
				"north": {"uv": [3, 5, 4, 6], "texture": "#0"},
				"east": {"uv": [3, 5, 4, 6], "texture": "#0"},
				"south": {"uv": [3, 5, 4, 6], "texture": "#0"},
				"west": {"uv": [3, 5, 4, 6], "texture": "#0"},
				"up": {"uv": [3, 5, 4, 6], "texture": "#0"},
				"down": {"uv": [3, 5, 4, 6], "texture": "#0"}
			}
		},
		{
			"from": [3, 1, 4],
			"to": [4, 2, 5],
			"faces": {
				"north": {"uv": [3, 4, 4, 5], "texture": "#0"},
				"east": {"uv": [3, 4, 4, 5], "texture": "#0"},
				"south": {"uv": [3, 4, 4, 5], "texture": "#0"},
				"west": {"uv": [3, 4, 4, 5], "texture": "#0"},
				"up": {"uv": [3, 4, 4, 5], "texture": "#0"},
				"down": {"uv": [3, 4, 4, 5], "texture": "#0"}
			}
		},
		{
			"from": [3, 1, 4],
			"to": [4, 2, 5],
			"faces": {
				"north": {"uv": [3, 3, 4, 4], "texture": "#0"},
				"east": {"uv": [3, 3, 4, 4], "texture": "#0"},
				"south": {"uv": [3, 3, 4, 4], "texture": "#0"},
				"west": {"uv": [3, 3, 4, 4], "texture": "#0"},
				"up": {"uv": [3, 3, 4, 4], "texture": "#0"},
				"down": {"uv": [3, 3, 4, 4], "texture": "#0"}
			}
		},
		{
			"from": [3, 1, 3],
			"to": [4, 2, 4],
			"faces": {
				"north": {"uv": [3, 3, 4, 4], "texture": "#0"},
				"east": {"uv": [3, 3, 4, 4], "texture": "#0"},
				"south": {"uv": [3, 3, 4, 4], "texture": "#0"},
				"west": {"uv": [3, 3, 4, 4], "texture": "#0"},
				"up": {"uv": [3, 3, 4, 4], "texture": "#0"},
				"down": {"uv": [3, 3, 4, 4], "texture": "#0"}
			}
		},
		{
			"from": [3, 1, 2],
			"to": [4, 2, 3],
			"faces": {
				"north": {"uv": [3, 2, 4, 3], "texture": "#0"},
				"east": {"uv": [3, 2, 4, 3], "texture": "#0"},
				"south": {"uv": [3, 2, 4, 3], "texture": "#0"},
				"west": {"uv": [3, 2, 4, 3], "texture": "#0"},
				"up": {"uv": [3, 2, 4, 3], "texture": "#0"},
				"down": {"uv": [3, 2, 4, 3], "texture": "#0"}
			}
		},
		{
			"from": [3, 1, 1],
			"to": [4, 2, 2],
			"faces": {
				"north": {"uv": [3, 1, 4, 2], "texture": "#0"},
				"east": {"uv": [3, 1, 4, 2], "texture": "#0"},
				"south": {"uv": [3, 1, 4, 2], "texture": "#0"},
				"west": {"uv": [3, 1, 4, 2], "texture": "#0"},
				"up": {"uv": [3, 1, 4, 2], "texture": "#0"},
				"down": {"uv": [3, 1, 4, 2], "texture": "#0"}
			}
		},
		{
			"from": [3, 1, 0],
			"to": [4, 2, 1],
			"faces": {
				"north": {"uv": [3, 0, 4, 1], "texture": "#0"},
				"east": {"uv": [3, 0, 4, 1], "texture": "#0"},
				"south": {"uv": [3, 0, 4, 1], "texture": "#0"},
				"west": {"uv": [3, 0, 4, 1], "texture": "#0"},
				"up": {"uv": [3, 0, 4, 1], "texture": "#0"},
				"down": {"uv": [3, 0, 4, 1], "texture": "#0"}
			}
		},
		{
			"from": [4, 0, 1],
			"to": [5, 1, 2],
			"faces": {
				"north": {"uv": [4, 1, 5, 2], "texture": "#0"},
				"east": {"uv": [4, 1, 5, 2], "texture": "#0"},
				"south": {"uv": [4, 1, 5, 2], "texture": "#0"},
				"west": {"uv": [4, 1, 5, 2], "texture": "#0"},
				"up": {"uv": [4, 1, 5, 2], "texture": "#0"},
				"down": {"uv": [4, 1, 5, 2], "texture": "#0"}
			}
		},
		{
			"from": [4, 0, 2],
			"to": [5, 1, 3],
			"faces": {
				"north": {"uv": [4, 2, 5, 3], "texture": "#0"},
				"east": {"uv": [4, 2, 5, 3], "texture": "#0"},
				"south": {"uv": [4, 2, 5, 3], "texture": "#0"},
				"west": {"uv": [4, 2, 5, 3], "texture": "#0"},
				"up": {"uv": [4, 2, 5, 3], "texture": "#0"},
				"down": {"uv": [4, 2, 5, 3], "texture": "#0"}
			}
		},
		{
			"from": [4, 0, 5],
			"to": [5, 1, 6],
			"faces": {
				"north": {"uv": [4, 5, 5, 6], "texture": "#0"},
				"east": {"uv": [4, 5, 5, 6], "texture": "#0"},
				"south": {"uv": [4, 5, 5, 6], "texture": "#0"},
				"west": {"uv": [4, 5, 5, 6], "texture": "#0"},
				"up": {"uv": [4, 5, 5, 6], "texture": "#0"},
				"down": {"uv": [4, 5, 5, 6], "texture": "#0"}
			}
		},
		{
			"from": [4, 0, 6],
			"to": [5, 1, 7],
			"faces": {
				"north": {"uv": [4, 6, 5, 7], "texture": "#0"},
				"east": {"uv": [4, 6, 5, 7], "texture": "#0"},
				"south": {"uv": [4, 6, 5, 7], "texture": "#0"},
				"west": {"uv": [4, 6, 5, 7], "texture": "#0"},
				"up": {"uv": [4, 6, 5, 7], "texture": "#0"},
				"down": {"uv": [4, 6, 5, 7], "texture": "#0"}
			}
		},
		{
			"from": [4, 0, 9],
			"to": [5, 1, 10],
			"faces": {
				"north": {"uv": [4, 9, 5, 10], "texture": "#0"},
				"east": {"uv": [4, 9, 5, 10], "texture": "#0"},
				"south": {"uv": [4, 9, 5, 10], "texture": "#0"},
				"west": {"uv": [4, 9, 5, 10], "texture": "#0"},
				"up": {"uv": [4, 9, 5, 10], "texture": "#0"},
				"down": {"uv": [4, 9, 5, 10], "texture": "#0"}
			}
		},
		{
			"from": [4, 0, 10],
			"to": [5, 1, 11],
			"faces": {
				"north": {"uv": [4, 10, 5, 11], "texture": "#0"},
				"east": {"uv": [4, 10, 5, 11], "texture": "#0"},
				"south": {"uv": [4, 10, 5, 11], "texture": "#0"},
				"west": {"uv": [4, 10, 5, 11], "texture": "#0"},
				"up": {"uv": [4, 10, 5, 11], "texture": "#0"},
				"down": {"uv": [4, 10, 5, 11], "texture": "#0"}
			}
		},
		{
			"from": [4, 0, 13],
			"to": [5, 1, 14],
			"faces": {
				"north": {"uv": [4, 13, 5, 14], "texture": "#0"},
				"east": {"uv": [4, 13, 5, 14], "texture": "#0"},
				"south": {"uv": [4, 13, 5, 14], "texture": "#0"},
				"west": {"uv": [4, 13, 5, 14], "texture": "#0"},
				"up": {"uv": [4, 13, 5, 14], "texture": "#0"},
				"down": {"uv": [4, 13, 5, 14], "texture": "#0"}
			}
		},
		{
			"from": [4, 0, 14],
			"to": [5, 1, 15],
			"faces": {
				"north": {"uv": [4, 14, 5, 15], "texture": "#0"},
				"east": {"uv": [4, 14, 5, 15], "texture": "#0"},
				"south": {"uv": [4, 14, 5, 15], "texture": "#0"},
				"west": {"uv": [4, 14, 5, 15], "texture": "#0"},
				"up": {"uv": [4, 14, 5, 15], "texture": "#0"},
				"down": {"uv": [4, 14, 5, 15], "texture": "#0"}
			}
		},
		{
			"from": [5, 0, 1],
			"to": [6, 1, 2],
			"faces": {
				"north": {"uv": [5, 1, 6, 2], "texture": "#0"},
				"east": {"uv": [5, 1, 6, 2], "texture": "#0"},
				"south": {"uv": [5, 1, 6, 2], "texture": "#0"},
				"west": {"uv": [5, 1, 6, 2], "texture": "#0"},
				"up": {"uv": [5, 1, 6, 2], "texture": "#0"},
				"down": {"uv": [5, 1, 6, 2], "texture": "#0"}
			}
		},
		{
			"from": [5, 0, 2],
			"to": [6, 1, 3],
			"faces": {
				"north": {"uv": [5, 2, 6, 3], "texture": "#0"},
				"east": {"uv": [5, 2, 6, 3], "texture": "#0"},
				"south": {"uv": [5, 2, 6, 3], "texture": "#0"},
				"west": {"uv": [5, 2, 6, 3], "texture": "#0"},
				"up": {"uv": [5, 2, 6, 3], "texture": "#0"},
				"down": {"uv": [5, 2, 6, 3], "texture": "#0"}
			}
		},
		{
			"from": [5, 0, 5],
			"to": [6, 1, 6],
			"faces": {
				"north": {"uv": [5, 5, 6, 6], "texture": "#0"},
				"east": {"uv": [5, 5, 6, 6], "texture": "#0"},
				"south": {"uv": [5, 5, 6, 6], "texture": "#0"},
				"west": {"uv": [5, 5, 6, 6], "texture": "#0"},
				"up": {"uv": [5, 5, 6, 6], "texture": "#0"},
				"down": {"uv": [5, 5, 6, 6], "texture": "#0"}
			}
		},
		{
			"from": [5, 0, 6],
			"to": [6, 1, 7],
			"faces": {
				"north": {"uv": [5, 6, 6, 7], "texture": "#0"},
				"east": {"uv": [5, 6, 6, 7], "texture": "#0"},
				"south": {"uv": [5, 6, 6, 7], "texture": "#0"},
				"west": {"uv": [5, 6, 6, 7], "texture": "#0"},
				"up": {"uv": [5, 6, 6, 7], "texture": "#0"},
				"down": {"uv": [5, 6, 6, 7], "texture": "#0"}
			}
		},
		{
			"from": [5, 0, 9],
			"to": [6, 1, 10],
			"faces": {
				"north": {"uv": [5, 9, 6, 10], "texture": "#0"},
				"east": {"uv": [5, 9, 6, 10], "texture": "#0"},
				"south": {"uv": [5, 9, 6, 10], "texture": "#0"},
				"west": {"uv": [5, 9, 6, 10], "texture": "#0"},
				"up": {"uv": [5, 9, 6, 10], "texture": "#0"},
				"down": {"uv": [5, 9, 6, 10], "texture": "#0"}
			}
		},
		{
			"from": [5, 0, 10],
			"to": [6, 1, 11],
			"faces": {
				"north": {"uv": [5, 10, 6, 11], "texture": "#0"},
				"east": {"uv": [5, 10, 6, 11], "texture": "#0"},
				"south": {"uv": [5, 10, 6, 11], "texture": "#0"},
				"west": {"uv": [5, 10, 6, 11], "texture": "#0"},
				"up": {"uv": [5, 10, 6, 11], "texture": "#0"},
				"down": {"uv": [5, 10, 6, 11], "texture": "#0"}
			}
		},
		{
			"from": [5, 0, 13],
			"to": [6, 1, 14],
			"faces": {
				"north": {"uv": [5, 13, 6, 14], "texture": "#0"},
				"east": {"uv": [5, 13, 6, 14], "texture": "#0"},
				"south": {"uv": [5, 13, 6, 14], "texture": "#0"},
				"west": {"uv": [5, 13, 6, 14], "texture": "#0"},
				"up": {"uv": [5, 13, 6, 14], "texture": "#0"},
				"down": {"uv": [5, 13, 6, 14], "texture": "#0"}
			}
		},
		{
			"from": [5, 0, 14],
			"to": [6, 1, 15],
			"faces": {
				"north": {"uv": [5, 14, 6, 15], "texture": "#0"},
				"east": {"uv": [5, 14, 6, 15], "texture": "#0"},
				"south": {"uv": [5, 14, 6, 15], "texture": "#0"},
				"west": {"uv": [5, 14, 6, 15], "texture": "#0"},
				"up": {"uv": [5, 14, 6, 15], "texture": "#0"},
				"down": {"uv": [5, 14, 6, 15], "texture": "#0"}
			}
		},
		{
			"from": [6, 0, 1],
			"to": [7, 1, 2],
			"faces": {
				"north": {"uv": [5, 1, 6, 2], "texture": "#0"},
				"east": {"uv": [5, 1, 6, 2], "texture": "#0"},
				"south": {"uv": [5, 1, 6, 2], "texture": "#0"},
				"west": {"uv": [5, 1, 6, 2], "texture": "#0"},
				"up": {"uv": [5, 1, 6, 2], "texture": "#0"},
				"down": {"uv": [5, 1, 6, 2], "texture": "#0"}
			}
		},
		{
			"from": [6, 0, 2],
			"to": [7, 1, 3],
			"faces": {
				"north": {"uv": [5, 2, 6, 3], "texture": "#0"},
				"east": {"uv": [5, 2, 6, 3], "texture": "#0"},
				"south": {"uv": [5, 2, 6, 3], "texture": "#0"},
				"west": {"uv": [5, 2, 6, 3], "texture": "#0"},
				"up": {"uv": [5, 2, 6, 3], "texture": "#0"},
				"down": {"uv": [5, 2, 6, 3], "texture": "#0"}
			}
		},
		{
			"from": [6, 0, 5],
			"to": [7, 1, 6],
			"faces": {
				"north": {"uv": [5, 5, 6, 6], "texture": "#0"},
				"east": {"uv": [5, 5, 6, 6], "texture": "#0"},
				"south": {"uv": [5, 5, 6, 6], "texture": "#0"},
				"west": {"uv": [5, 5, 6, 6], "texture": "#0"},
				"up": {"uv": [5, 5, 6, 6], "texture": "#0"},
				"down": {"uv": [5, 5, 6, 6], "texture": "#0"}
			}
		},
		{
			"from": [6, 0, 6],
			"to": [7, 1, 7],
			"faces": {
				"north": {"uv": [5, 6, 6, 7], "texture": "#0"},
				"east": {"uv": [5, 6, 6, 7], "texture": "#0"},
				"south": {"uv": [5, 6, 6, 7], "texture": "#0"},
				"west": {"uv": [5, 6, 6, 7], "texture": "#0"},
				"up": {"uv": [5, 6, 6, 7], "texture": "#0"},
				"down": {"uv": [5, 6, 6, 7], "texture": "#0"}
			}
		},
		{
			"from": [6, 0, 9],
			"to": [7, 1, 10],
			"faces": {
				"north": {"uv": [5, 9, 6, 10], "texture": "#0"},
				"east": {"uv": [5, 9, 6, 10], "texture": "#0"},
				"south": {"uv": [5, 9, 6, 10], "texture": "#0"},
				"west": {"uv": [5, 9, 6, 10], "texture": "#0"},
				"up": {"uv": [5, 9, 6, 10], "texture": "#0"},
				"down": {"uv": [5, 9, 6, 10], "texture": "#0"}
			}
		},
		{
			"from": [6, 0, 10],
			"to": [7, 1, 11],
			"faces": {
				"north": {"uv": [5, 10, 6, 11], "texture": "#0"},
				"east": {"uv": [5, 10, 6, 11], "texture": "#0"},
				"south": {"uv": [5, 10, 6, 11], "texture": "#0"},
				"west": {"uv": [5, 10, 6, 11], "texture": "#0"},
				"up": {"uv": [5, 10, 6, 11], "texture": "#0"},
				"down": {"uv": [5, 10, 6, 11], "texture": "#0"}
			}
		},
		{
			"from": [6, 0, 13],
			"to": [7, 1, 14],
			"faces": {
				"north": {"uv": [5, 13, 6, 14], "texture": "#0"},
				"east": {"uv": [5, 13, 6, 14], "texture": "#0"},
				"south": {"uv": [5, 13, 6, 14], "texture": "#0"},
				"west": {"uv": [5, 13, 6, 14], "texture": "#0"},
				"up": {"uv": [5, 13, 6, 14], "texture": "#0"},
				"down": {"uv": [5, 13, 6, 14], "texture": "#0"}
			}
		},
		{
			"from": [6, 0, 14],
			"to": [7, 1, 15],
			"faces": {
				"north": {"uv": [5, 14, 6, 15], "texture": "#0"},
				"east": {"uv": [5, 14, 6, 15], "texture": "#0"},
				"south": {"uv": [5, 14, 6, 15], "texture": "#0"},
				"west": {"uv": [5, 14, 6, 15], "texture": "#0"},
				"up": {"uv": [5, 14, 6, 15], "texture": "#0"},
				"down": {"uv": [5, 14, 6, 15], "texture": "#0"}
			}
		},
		{
			"from": [6, 0, 1],
			"to": [7, 1, 2],
			"faces": {
				"north": {"uv": [6, 1, 7, 2], "texture": "#0"},
				"east": {"uv": [6, 1, 7, 2], "texture": "#0"},
				"south": {"uv": [6, 1, 7, 2], "texture": "#0"},
				"west": {"uv": [6, 1, 7, 2], "texture": "#0"},
				"up": {"uv": [6, 1, 7, 2], "texture": "#0"},
				"down": {"uv": [6, 1, 7, 2], "texture": "#0"}
			}
		},
		{
			"from": [6, 0, 2],
			"to": [7, 1, 3],
			"faces": {
				"north": {"uv": [6, 2, 7, 3], "texture": "#0"},
				"east": {"uv": [6, 2, 7, 3], "texture": "#0"},
				"south": {"uv": [6, 2, 7, 3], "texture": "#0"},
				"west": {"uv": [6, 2, 7, 3], "texture": "#0"},
				"up": {"uv": [6, 2, 7, 3], "texture": "#0"},
				"down": {"uv": [6, 2, 7, 3], "texture": "#0"}
			}
		},
		{
			"from": [6, 0, 5],
			"to": [7, 1, 6],
			"faces": {
				"north": {"uv": [6, 5, 7, 6], "texture": "#0"},
				"east": {"uv": [6, 5, 7, 6], "texture": "#0"},
				"south": {"uv": [6, 5, 7, 6], "texture": "#0"},
				"west": {"uv": [6, 5, 7, 6], "texture": "#0"},
				"up": {"uv": [6, 5, 7, 6], "texture": "#0"},
				"down": {"uv": [6, 5, 7, 6], "texture": "#0"}
			}
		},
		{
			"from": [6, 0, 6],
			"to": [7, 1, 7],
			"faces": {
				"north": {"uv": [6, 6, 7, 7], "texture": "#0"},
				"east": {"uv": [6, 6, 7, 7], "texture": "#0"},
				"south": {"uv": [6, 6, 7, 7], "texture": "#0"},
				"west": {"uv": [6, 6, 7, 7], "texture": "#0"},
				"up": {"uv": [6, 6, 7, 7], "texture": "#0"},
				"down": {"uv": [6, 6, 7, 7], "texture": "#0"}
			}
		},
		{
			"from": [6, 0, 9],
			"to": [7, 1, 10],
			"faces": {
				"north": {"uv": [6, 9, 7, 10], "texture": "#0"},
				"east": {"uv": [6, 9, 7, 10], "texture": "#0"},
				"south": {"uv": [6, 9, 7, 10], "texture": "#0"},
				"west": {"uv": [6, 9, 7, 10], "texture": "#0"},
				"up": {"uv": [6, 9, 7, 10], "texture": "#0"},
				"down": {"uv": [6, 9, 7, 10], "texture": "#0"}
			}
		},
		{
			"from": [6, 0, 10],
			"to": [7, 1, 11],
			"faces": {
				"north": {"uv": [6, 10, 7, 11], "texture": "#0"},
				"east": {"uv": [6, 10, 7, 11], "texture": "#0"},
				"south": {"uv": [6, 10, 7, 11], "texture": "#0"},
				"west": {"uv": [6, 10, 7, 11], "texture": "#0"},
				"up": {"uv": [6, 10, 7, 11], "texture": "#0"},
				"down": {"uv": [6, 10, 7, 11], "texture": "#0"}
			}
		},
		{
			"from": [6, 0, 13],
			"to": [7, 1, 14],
			"faces": {
				"north": {"uv": [6, 13, 7, 14], "texture": "#0"},
				"east": {"uv": [6, 13, 7, 14], "texture": "#0"},
				"south": {"uv": [6, 13, 7, 14], "texture": "#0"},
				"west": {"uv": [6, 13, 7, 14], "texture": "#0"},
				"up": {"uv": [6, 13, 7, 14], "texture": "#0"},
				"down": {"uv": [6, 13, 7, 14], "texture": "#0"}
			}
		},
		{
			"from": [6, 0, 14],
			"to": [7, 1, 15],
			"faces": {
				"north": {"uv": [6, 14, 7, 15], "texture": "#0"},
				"east": {"uv": [6, 14, 7, 15], "texture": "#0"},
				"south": {"uv": [6, 14, 7, 15], "texture": "#0"},
				"west": {"uv": [6, 14, 7, 15], "texture": "#0"},
				"up": {"uv": [6, 14, 7, 15], "texture": "#0"},
				"down": {"uv": [6, 14, 7, 15], "texture": "#0"}
			}
		},
		{
			"from": [7, 0, 1],
			"to": [8, 1, 2],
			"faces": {
				"north": {"uv": [7, 1, 8, 2], "texture": "#0"},
				"east": {"uv": [7, 1, 8, 2], "texture": "#0"},
				"south": {"uv": [7, 1, 8, 2], "texture": "#0"},
				"west": {"uv": [7, 1, 8, 2], "texture": "#0"},
				"up": {"uv": [7, 1, 8, 2], "texture": "#0"},
				"down": {"uv": [7, 1, 8, 2], "texture": "#0"}
			}
		},
		{
			"from": [7, 0, 2],
			"to": [8, 1, 3],
			"faces": {
				"north": {"uv": [7, 2, 8, 3], "texture": "#0"},
				"east": {"uv": [7, 2, 8, 3], "texture": "#0"},
				"south": {"uv": [7, 2, 8, 3], "texture": "#0"},
				"west": {"uv": [7, 2, 8, 3], "texture": "#0"},
				"up": {"uv": [7, 2, 8, 3], "texture": "#0"},
				"down": {"uv": [7, 2, 8, 3], "texture": "#0"}
			}
		},
		{
			"from": [7, 0, 3],
			"to": [8, 1, 4],
			"faces": {
				"north": {"uv": [7, 3, 8, 4], "texture": "#0"},
				"east": {"uv": [7, 3, 8, 4], "texture": "#0"},
				"south": {"uv": [7, 3, 8, 4], "texture": "#0"},
				"west": {"uv": [7, 3, 8, 4], "texture": "#0"},
				"up": {"uv": [7, 3, 8, 4], "texture": "#0"},
				"down": {"uv": [7, 3, 8, 4], "texture": "#0"}
			}
		},
		{
			"from": [7, 0, 4],
			"to": [8, 1, 5],
			"faces": {
				"north": {"uv": [7, 3, 8, 4], "texture": "#0"},
				"east": {"uv": [7, 3, 8, 4], "texture": "#0"},
				"south": {"uv": [7, 3, 8, 4], "texture": "#0"},
				"west": {"uv": [7, 3, 8, 4], "texture": "#0"},
				"up": {"uv": [7, 3, 8, 4], "texture": "#0"},
				"down": {"uv": [7, 3, 8, 4], "texture": "#0"}
			}
		},
		{
			"from": [7, 0, 4],
			"to": [8, 1, 5],
			"faces": {
				"north": {"uv": [7, 4, 8, 5], "texture": "#0"},
				"east": {"uv": [7, 4, 8, 5], "texture": "#0"},
				"south": {"uv": [7, 4, 8, 5], "texture": "#0"},
				"west": {"uv": [7, 4, 8, 5], "texture": "#0"},
				"up": {"uv": [7, 4, 8, 5], "texture": "#0"},
				"down": {"uv": [7, 4, 8, 5], "texture": "#0"}
			}
		},
		{
			"from": [7, 0, 5],
			"to": [8, 1, 6],
			"faces": {
				"north": {"uv": [7, 5, 8, 6], "texture": "#0"},
				"east": {"uv": [7, 5, 8, 6], "texture": "#0"},
				"south": {"uv": [7, 5, 8, 6], "texture": "#0"},
				"west": {"uv": [7, 5, 8, 6], "texture": "#0"},
				"up": {"uv": [7, 5, 8, 6], "texture": "#0"},
				"down": {"uv": [7, 5, 8, 6], "texture": "#0"}
			}
		},
		{
			"from": [7, 0, 6],
			"to": [8, 1, 7],
			"faces": {
				"north": {"uv": [7, 6, 8, 7], "texture": "#0"},
				"east": {"uv": [7, 6, 8, 7], "texture": "#0"},
				"south": {"uv": [7, 6, 8, 7], "texture": "#0"},
				"west": {"uv": [7, 6, 8, 7], "texture": "#0"},
				"up": {"uv": [7, 6, 8, 7], "texture": "#0"},
				"down": {"uv": [7, 6, 8, 7], "texture": "#0"}
			}
		},
		{
			"from": [7, 0, 7],
			"to": [8, 1, 8],
			"faces": {
				"north": {"uv": [7, 7, 8, 8], "texture": "#0"},
				"east": {"uv": [7, 7, 8, 8], "texture": "#0"},
				"south": {"uv": [7, 7, 8, 8], "texture": "#0"},
				"west": {"uv": [7, 7, 8, 8], "texture": "#0"},
				"up": {"uv": [7, 7, 8, 8], "texture": "#0"},
				"down": {"uv": [7, 7, 8, 8], "texture": "#0"}
			}
		},
		{
			"from": [7, 0, 8],
			"to": [8, 1, 9],
			"faces": {
				"north": {"uv": [7, 7, 8, 8], "texture": "#0"},
				"east": {"uv": [7, 7, 8, 8], "texture": "#0"},
				"south": {"uv": [7, 7, 8, 8], "texture": "#0"},
				"west": {"uv": [7, 7, 8, 8], "texture": "#0"},
				"up": {"uv": [7, 7, 8, 8], "texture": "#0"},
				"down": {"uv": [7, 7, 8, 8], "texture": "#0"}
			}
		},
		{
			"from": [7, 0, 8],
			"to": [8, 1, 9],
			"faces": {
				"north": {"uv": [7, 8, 8, 9], "texture": "#0"},
				"east": {"uv": [7, 8, 8, 9], "texture": "#0"},
				"south": {"uv": [7, 8, 8, 9], "texture": "#0"},
				"west": {"uv": [7, 8, 8, 9], "texture": "#0"},
				"up": {"uv": [7, 8, 8, 9], "texture": "#0"},
				"down": {"uv": [7, 8, 8, 9], "texture": "#0"}
			}
		},
		{
			"from": [7, 0, 9],
			"to": [8, 1, 10],
			"faces": {
				"north": {"uv": [7, 9, 8, 10], "texture": "#0"},
				"east": {"uv": [7, 9, 8, 10], "texture": "#0"},
				"south": {"uv": [7, 9, 8, 10], "texture": "#0"},
				"west": {"uv": [7, 9, 8, 10], "texture": "#0"},
				"up": {"uv": [7, 9, 8, 10], "texture": "#0"},
				"down": {"uv": [7, 9, 8, 10], "texture": "#0"}
			}
		},
		{
			"from": [7, 0, 10],
			"to": [8, 1, 11],
			"faces": {
				"north": {"uv": [7, 10, 8, 11], "texture": "#0"},
				"east": {"uv": [7, 10, 8, 11], "texture": "#0"},
				"south": {"uv": [7, 10, 8, 11], "texture": "#0"},
				"west": {"uv": [7, 10, 8, 11], "texture": "#0"},
				"up": {"uv": [7, 10, 8, 11], "texture": "#0"},
				"down": {"uv": [7, 10, 8, 11], "texture": "#0"}
			}
		},
		{
			"from": [7, 0, 11],
			"to": [8, 1, 12],
			"faces": {
				"north": {"uv": [7, 11, 8, 12], "texture": "#0"},
				"east": {"uv": [7, 11, 8, 12], "texture": "#0"},
				"south": {"uv": [7, 11, 8, 12], "texture": "#0"},
				"west": {"uv": [7, 11, 8, 12], "texture": "#0"},
				"up": {"uv": [7, 11, 8, 12], "texture": "#0"},
				"down": {"uv": [7, 11, 8, 12], "texture": "#0"}
			}
		},
		{
			"from": [7, 0, 12],
			"to": [8, 1, 13],
			"faces": {
				"north": {"uv": [7, 12, 8, 13], "texture": "#0"},
				"east": {"uv": [7, 12, 8, 13], "texture": "#0"},
				"south": {"uv": [7, 12, 8, 13], "texture": "#0"},
				"west": {"uv": [7, 12, 8, 13], "texture": "#0"},
				"up": {"uv": [7, 12, 8, 13], "texture": "#0"},
				"down": {"uv": [7, 12, 8, 13], "texture": "#0"}
			}
		},
		{
			"from": [7, 0, 13],
			"to": [8, 1, 14],
			"faces": {
				"north": {"uv": [7, 13, 8, 14], "texture": "#0"},
				"east": {"uv": [7, 13, 8, 14], "texture": "#0"},
				"south": {"uv": [7, 13, 8, 14], "texture": "#0"},
				"west": {"uv": [7, 13, 8, 14], "texture": "#0"},
				"up": {"uv": [7, 13, 8, 14], "texture": "#0"},
				"down": {"uv": [7, 13, 8, 14], "texture": "#0"}
			}
		},
		{
			"from": [7, 0, 14],
			"to": [8, 1, 15],
			"faces": {
				"north": {"uv": [7, 14, 8, 15], "texture": "#0"},
				"east": {"uv": [7, 14, 8, 15], "texture": "#0"},
				"south": {"uv": [7, 14, 8, 15], "texture": "#0"},
				"west": {"uv": [7, 14, 8, 15], "texture": "#0"},
				"up": {"uv": [7, 14, 8, 15], "texture": "#0"},
				"down": {"uv": [7, 14, 8, 15], "texture": "#0"}
			}
		},
		{
			"from": [8, 0, 1],
			"to": [9, 1, 2],
			"faces": {
				"north": {"uv": [8, 1, 9, 2], "texture": "#0"},
				"east": {"uv": [8, 1, 9, 2], "texture": "#0"},
				"south": {"uv": [8, 1, 9, 2], "texture": "#0"},
				"west": {"uv": [8, 1, 9, 2], "texture": "#0"},
				"up": {"uv": [8, 1, 9, 2], "texture": "#0"},
				"down": {"uv": [8, 1, 9, 2], "texture": "#0"}
			}
		},
		{
			"from": [8, 0, 2],
			"to": [9, 1, 3],
			"faces": {
				"north": {"uv": [8, 2, 9, 3], "texture": "#0"},
				"east": {"uv": [8, 2, 9, 3], "texture": "#0"},
				"south": {"uv": [8, 2, 9, 3], "texture": "#0"},
				"west": {"uv": [8, 2, 9, 3], "texture": "#0"},
				"up": {"uv": [8, 2, 9, 3], "texture": "#0"},
				"down": {"uv": [8, 2, 9, 3], "texture": "#0"}
			}
		},
		{
			"from": [8, 0, 3],
			"to": [9, 1, 4],
			"faces": {
				"north": {"uv": [8, 3, 9, 4], "texture": "#0"},
				"east": {"uv": [8, 3, 9, 4], "texture": "#0"},
				"south": {"uv": [8, 3, 9, 4], "texture": "#0"},
				"west": {"uv": [8, 3, 9, 4], "texture": "#0"},
				"up": {"uv": [8, 3, 9, 4], "texture": "#0"},
				"down": {"uv": [8, 3, 9, 4], "texture": "#0"}
			}
		},
		{
			"from": [8, 0, 4],
			"to": [9, 1, 5],
			"faces": {
				"north": {"uv": [8, 3, 9, 4], "texture": "#0"},
				"east": {"uv": [8, 3, 9, 4], "texture": "#0"},
				"south": {"uv": [8, 3, 9, 4], "texture": "#0"},
				"west": {"uv": [8, 3, 9, 4], "texture": "#0"},
				"up": {"uv": [8, 3, 9, 4], "texture": "#0"},
				"down": {"uv": [8, 3, 9, 4], "texture": "#0"}
			}
		},
		{
			"from": [8, 0, 4],
			"to": [9, 1, 5],
			"faces": {
				"north": {"uv": [8, 4, 9, 5], "texture": "#0"},
				"east": {"uv": [8, 4, 9, 5], "texture": "#0"},
				"south": {"uv": [8, 4, 9, 5], "texture": "#0"},
				"west": {"uv": [8, 4, 9, 5], "texture": "#0"},
				"up": {"uv": [8, 4, 9, 5], "texture": "#0"},
				"down": {"uv": [8, 4, 9, 5], "texture": "#0"}
			}
		},
		{
			"from": [8, 0, 5],
			"to": [9, 1, 6],
			"faces": {
				"north": {"uv": [8, 5, 9, 6], "texture": "#0"},
				"east": {"uv": [8, 5, 9, 6], "texture": "#0"},
				"south": {"uv": [8, 5, 9, 6], "texture": "#0"},
				"west": {"uv": [8, 5, 9, 6], "texture": "#0"},
				"up": {"uv": [8, 5, 9, 6], "texture": "#0"},
				"down": {"uv": [8, 5, 9, 6], "texture": "#0"}
			}
		},
		{
			"from": [8, 0, 6],
			"to": [9, 1, 7],
			"faces": {
				"north": {"uv": [8, 6, 9, 7], "texture": "#0"},
				"east": {"uv": [8, 6, 9, 7], "texture": "#0"},
				"south": {"uv": [8, 6, 9, 7], "texture": "#0"},
				"west": {"uv": [8, 6, 9, 7], "texture": "#0"},
				"up": {"uv": [8, 6, 9, 7], "texture": "#0"},
				"down": {"uv": [8, 6, 9, 7], "texture": "#0"}
			}
		},
		{
			"from": [8, 0, 7],
			"to": [9, 1, 8],
			"faces": {
				"north": {"uv": [8, 7, 9, 8], "texture": "#0"},
				"east": {"uv": [8, 7, 9, 8], "texture": "#0"},
				"south": {"uv": [8, 7, 9, 8], "texture": "#0"},
				"west": {"uv": [8, 7, 9, 8], "texture": "#0"},
				"up": {"uv": [8, 7, 9, 8], "texture": "#0"},
				"down": {"uv": [8, 7, 9, 8], "texture": "#0"}
			}
		},
		{
			"from": [8, 0, 8],
			"to": [9, 1, 9],
			"faces": {
				"north": {"uv": [8, 7, 9, 8], "texture": "#0"},
				"east": {"uv": [8, 7, 9, 8], "texture": "#0"},
				"south": {"uv": [8, 7, 9, 8], "texture": "#0"},
				"west": {"uv": [8, 7, 9, 8], "texture": "#0"},
				"up": {"uv": [8, 7, 9, 8], "texture": "#0"},
				"down": {"uv": [8, 7, 9, 8], "texture": "#0"}
			}
		},
		{
			"from": [8, 0, 8],
			"to": [9, 1, 9],
			"faces": {
				"north": {"uv": [8, 8, 9, 9], "texture": "#0"},
				"east": {"uv": [8, 8, 9, 9], "texture": "#0"},
				"south": {"uv": [8, 8, 9, 9], "texture": "#0"},
				"west": {"uv": [8, 8, 9, 9], "texture": "#0"},
				"up": {"uv": [8, 8, 9, 9], "texture": "#0"},
				"down": {"uv": [8, 8, 9, 9], "texture": "#0"}
			}
		},
		{
			"from": [8, 0, 9],
			"to": [9, 1, 10],
			"faces": {
				"north": {"uv": [8, 9, 9, 10], "texture": "#0"},
				"east": {"uv": [8, 9, 9, 10], "texture": "#0"},
				"south": {"uv": [8, 9, 9, 10], "texture": "#0"},
				"west": {"uv": [8, 9, 9, 10], "texture": "#0"},
				"up": {"uv": [8, 9, 9, 10], "texture": "#0"},
				"down": {"uv": [8, 9, 9, 10], "texture": "#0"}
			}
		},
		{
			"from": [8, 0, 10],
			"to": [9, 1, 11],
			"faces": {
				"north": {"uv": [8, 10, 9, 11], "texture": "#0"},
				"east": {"uv": [8, 10, 9, 11], "texture": "#0"},
				"south": {"uv": [8, 10, 9, 11], "texture": "#0"},
				"west": {"uv": [8, 10, 9, 11], "texture": "#0"},
				"up": {"uv": [8, 10, 9, 11], "texture": "#0"},
				"down": {"uv": [8, 10, 9, 11], "texture": "#0"}
			}
		},
		{
			"from": [8, 0, 11],
			"to": [9, 1, 12],
			"faces": {
				"north": {"uv": [8, 11, 9, 12], "texture": "#0"},
				"east": {"uv": [8, 11, 9, 12], "texture": "#0"},
				"south": {"uv": [8, 11, 9, 12], "texture": "#0"},
				"west": {"uv": [8, 11, 9, 12], "texture": "#0"},
				"up": {"uv": [8, 11, 9, 12], "texture": "#0"},
				"down": {"uv": [8, 11, 9, 12], "texture": "#0"}
			}
		},
		{
			"from": [8, 0, 12],
			"to": [9, 1, 13],
			"faces": {
				"north": {"uv": [8, 12, 9, 13], "texture": "#0"},
				"east": {"uv": [8, 12, 9, 13], "texture": "#0"},
				"south": {"uv": [8, 12, 9, 13], "texture": "#0"},
				"west": {"uv": [8, 12, 9, 13], "texture": "#0"},
				"up": {"uv": [8, 12, 9, 13], "texture": "#0"},
				"down": {"uv": [8, 12, 9, 13], "texture": "#0"}
			}
		},
		{
			"from": [8, 0, 13],
			"to": [9, 1, 14],
			"faces": {
				"north": {"uv": [8, 13, 9, 14], "texture": "#0"},
				"east": {"uv": [8, 13, 9, 14], "texture": "#0"},
				"south": {"uv": [8, 13, 9, 14], "texture": "#0"},
				"west": {"uv": [8, 13, 9, 14], "texture": "#0"},
				"up": {"uv": [8, 13, 9, 14], "texture": "#0"},
				"down": {"uv": [8, 13, 9, 14], "texture": "#0"}
			}
		},
		{
			"from": [8, 0, 14],
			"to": [9, 1, 15],
			"faces": {
				"north": {"uv": [8, 14, 9, 15], "texture": "#0"},
				"east": {"uv": [8, 14, 9, 15], "texture": "#0"},
				"south": {"uv": [8, 14, 9, 15], "texture": "#0"},
				"west": {"uv": [8, 14, 9, 15], "texture": "#0"},
				"up": {"uv": [8, 14, 9, 15], "texture": "#0"},
				"down": {"uv": [8, 14, 9, 15], "texture": "#0"}
			}
		},
		{
			"from": [9, 0, 1],
			"to": [10, 1, 2],
			"faces": {
				"north": {"uv": [9, 1, 10, 2], "texture": "#0"},
				"east": {"uv": [9, 1, 10, 2], "texture": "#0"},
				"south": {"uv": [9, 1, 10, 2], "texture": "#0"},
				"west": {"uv": [9, 1, 10, 2], "texture": "#0"},
				"up": {"uv": [9, 1, 10, 2], "texture": "#0"},
				"down": {"uv": [9, 1, 10, 2], "texture": "#0"}
			}
		},
		{
			"from": [9, 0, 2],
			"to": [10, 1, 3],
			"faces": {
				"north": {"uv": [9, 2, 10, 3], "texture": "#0"},
				"east": {"uv": [9, 2, 10, 3], "texture": "#0"},
				"south": {"uv": [9, 2, 10, 3], "texture": "#0"},
				"west": {"uv": [9, 2, 10, 3], "texture": "#0"},
				"up": {"uv": [9, 2, 10, 3], "texture": "#0"},
				"down": {"uv": [9, 2, 10, 3], "texture": "#0"}
			}
		},
		{
			"from": [9, 0, 5],
			"to": [10, 1, 6],
			"faces": {
				"north": {"uv": [9, 5, 10, 6], "texture": "#0"},
				"east": {"uv": [9, 5, 10, 6], "texture": "#0"},
				"south": {"uv": [9, 5, 10, 6], "texture": "#0"},
				"west": {"uv": [9, 5, 10, 6], "texture": "#0"},
				"up": {"uv": [9, 5, 10, 6], "texture": "#0"},
				"down": {"uv": [9, 5, 10, 6], "texture": "#0"}
			}
		},
		{
			"from": [9, 0, 6],
			"to": [10, 1, 7],
			"faces": {
				"north": {"uv": [9, 6, 10, 7], "texture": "#0"},
				"east": {"uv": [9, 6, 10, 7], "texture": "#0"},
				"south": {"uv": [9, 6, 10, 7], "texture": "#0"},
				"west": {"uv": [9, 6, 10, 7], "texture": "#0"},
				"up": {"uv": [9, 6, 10, 7], "texture": "#0"},
				"down": {"uv": [9, 6, 10, 7], "texture": "#0"}
			}
		},
		{
			"from": [9, 0, 9],
			"to": [10, 1, 10],
			"faces": {
				"north": {"uv": [9, 9, 10, 10], "texture": "#0"},
				"east": {"uv": [9, 9, 10, 10], "texture": "#0"},
				"south": {"uv": [9, 9, 10, 10], "texture": "#0"},
				"west": {"uv": [9, 9, 10, 10], "texture": "#0"},
				"up": {"uv": [9, 9, 10, 10], "texture": "#0"},
				"down": {"uv": [9, 9, 10, 10], "texture": "#0"}
			}
		},
		{
			"from": [9, 0, 10],
			"to": [10, 1, 11],
			"faces": {
				"north": {"uv": [9, 10, 10, 11], "texture": "#0"},
				"east": {"uv": [9, 10, 10, 11], "texture": "#0"},
				"south": {"uv": [9, 10, 10, 11], "texture": "#0"},
				"west": {"uv": [9, 10, 10, 11], "texture": "#0"},
				"up": {"uv": [9, 10, 10, 11], "texture": "#0"},
				"down": {"uv": [9, 10, 10, 11], "texture": "#0"}
			}
		},
		{
			"from": [9, 0, 13],
			"to": [10, 1, 14],
			"faces": {
				"north": {"uv": [9, 13, 10, 14], "texture": "#0"},
				"east": {"uv": [9, 13, 10, 14], "texture": "#0"},
				"south": {"uv": [9, 13, 10, 14], "texture": "#0"},
				"west": {"uv": [9, 13, 10, 14], "texture": "#0"},
				"up": {"uv": [9, 13, 10, 14], "texture": "#0"},
				"down": {"uv": [9, 13, 10, 14], "texture": "#0"}
			}
		},
		{
			"from": [9, 0, 14],
			"to": [10, 1, 15],
			"faces": {
				"north": {"uv": [9, 14, 10, 15], "texture": "#0"},
				"east": {"uv": [9, 14, 10, 15], "texture": "#0"},
				"south": {"uv": [9, 14, 10, 15], "texture": "#0"},
				"west": {"uv": [9, 14, 10, 15], "texture": "#0"},
				"up": {"uv": [9, 14, 10, 15], "texture": "#0"},
				"down": {"uv": [9, 14, 10, 15], "texture": "#0"}
			}
		},
		{
			"from": [10, 0, 1],
			"to": [11, 1, 2],
			"faces": {
				"north": {"uv": [10, 1, 11, 2], "texture": "#0"},
				"east": {"uv": [10, 1, 11, 2], "texture": "#0"},
				"south": {"uv": [10, 1, 11, 2], "texture": "#0"},
				"west": {"uv": [10, 1, 11, 2], "texture": "#0"},
				"up": {"uv": [10, 1, 11, 2], "texture": "#0"},
				"down": {"uv": [10, 1, 11, 2], "texture": "#0"}
			}
		},
		{
			"from": [10, 0, 2],
			"to": [11, 1, 3],
			"faces": {
				"north": {"uv": [10, 2, 11, 3], "texture": "#0"},
				"east": {"uv": [10, 2, 11, 3], "texture": "#0"},
				"south": {"uv": [10, 2, 11, 3], "texture": "#0"},
				"west": {"uv": [10, 2, 11, 3], "texture": "#0"},
				"up": {"uv": [10, 2, 11, 3], "texture": "#0"},
				"down": {"uv": [10, 2, 11, 3], "texture": "#0"}
			}
		},
		{
			"from": [10, 0, 5],
			"to": [11, 1, 6],
			"faces": {
				"north": {"uv": [10, 5, 11, 6], "texture": "#0"},
				"east": {"uv": [10, 5, 11, 6], "texture": "#0"},
				"south": {"uv": [10, 5, 11, 6], "texture": "#0"},
				"west": {"uv": [10, 5, 11, 6], "texture": "#0"},
				"up": {"uv": [10, 5, 11, 6], "texture": "#0"},
				"down": {"uv": [10, 5, 11, 6], "texture": "#0"}
			}
		},
		{
			"from": [10, 0, 6],
			"to": [11, 1, 7],
			"faces": {
				"north": {"uv": [10, 6, 11, 7], "texture": "#0"},
				"east": {"uv": [10, 6, 11, 7], "texture": "#0"},
				"south": {"uv": [10, 6, 11, 7], "texture": "#0"},
				"west": {"uv": [10, 6, 11, 7], "texture": "#0"},
				"up": {"uv": [10, 6, 11, 7], "texture": "#0"},
				"down": {"uv": [10, 6, 11, 7], "texture": "#0"}
			}
		},
		{
			"from": [10, 0, 9],
			"to": [11, 1, 10],
			"faces": {
				"north": {"uv": [10, 9, 11, 10], "texture": "#0"},
				"east": {"uv": [10, 9, 11, 10], "texture": "#0"},
				"south": {"uv": [10, 9, 11, 10], "texture": "#0"},
				"west": {"uv": [10, 9, 11, 10], "texture": "#0"},
				"up": {"uv": [10, 9, 11, 10], "texture": "#0"},
				"down": {"uv": [10, 9, 11, 10], "texture": "#0"}
			}
		},
		{
			"from": [10, 0, 10],
			"to": [11, 1, 11],
			"faces": {
				"north": {"uv": [10, 10, 11, 11], "texture": "#0"},
				"east": {"uv": [10, 10, 11, 11], "texture": "#0"},
				"south": {"uv": [10, 10, 11, 11], "texture": "#0"},
				"west": {"uv": [10, 10, 11, 11], "texture": "#0"},
				"up": {"uv": [10, 10, 11, 11], "texture": "#0"},
				"down": {"uv": [10, 10, 11, 11], "texture": "#0"}
			}
		},
		{
			"from": [10, 0, 13],
			"to": [11, 1, 14],
			"faces": {
				"north": {"uv": [10, 13, 11, 14], "texture": "#0"},
				"east": {"uv": [10, 13, 11, 14], "texture": "#0"},
				"south": {"uv": [10, 13, 11, 14], "texture": "#0"},
				"west": {"uv": [10, 13, 11, 14], "texture": "#0"},
				"up": {"uv": [10, 13, 11, 14], "texture": "#0"},
				"down": {"uv": [10, 13, 11, 14], "texture": "#0"}
			}
		},
		{
			"from": [10, 0, 14],
			"to": [11, 1, 15],
			"faces": {
				"north": {"uv": [10, 14, 11, 15], "texture": "#0"},
				"east": {"uv": [10, 14, 11, 15], "texture": "#0"},
				"south": {"uv": [10, 14, 11, 15], "texture": "#0"},
				"west": {"uv": [10, 14, 11, 15], "texture": "#0"},
				"up": {"uv": [10, 14, 11, 15], "texture": "#0"},
				"down": {"uv": [10, 14, 11, 15], "texture": "#0"}
			}
		},
		{
			"from": [11, 0, 1],
			"to": [12, 1, 2],
			"faces": {
				"north": {"uv": [11, 1, 12, 2], "texture": "#0"},
				"east": {"uv": [11, 1, 12, 2], "texture": "#0"},
				"south": {"uv": [11, 1, 12, 2], "texture": "#0"},
				"west": {"uv": [11, 1, 12, 2], "texture": "#0"},
				"up": {"uv": [11, 1, 12, 2], "texture": "#0"},
				"down": {"uv": [11, 1, 12, 2], "texture": "#0"}
			}
		},
		{
			"from": [11, 0, 2],
			"to": [12, 1, 3],
			"faces": {
				"north": {"uv": [11, 2, 12, 3], "texture": "#0"},
				"east": {"uv": [11, 2, 12, 3], "texture": "#0"},
				"south": {"uv": [11, 2, 12, 3], "texture": "#0"},
				"west": {"uv": [11, 2, 12, 3], "texture": "#0"},
				"up": {"uv": [11, 2, 12, 3], "texture": "#0"},
				"down": {"uv": [11, 2, 12, 3], "texture": "#0"}
			}
		},
		{
			"from": [11, 0, 5],
			"to": [12, 1, 6],
			"faces": {
				"north": {"uv": [11, 5, 12, 6], "texture": "#0"},
				"east": {"uv": [11, 5, 12, 6], "texture": "#0"},
				"south": {"uv": [11, 5, 12, 6], "texture": "#0"},
				"west": {"uv": [11, 5, 12, 6], "texture": "#0"},
				"up": {"uv": [11, 5, 12, 6], "texture": "#0"},
				"down": {"uv": [11, 5, 12, 6], "texture": "#0"}
			}
		},
		{
			"from": [11, 0, 6],
			"to": [12, 1, 7],
			"faces": {
				"north": {"uv": [11, 6, 12, 7], "texture": "#0"},
				"east": {"uv": [11, 6, 12, 7], "texture": "#0"},
				"south": {"uv": [11, 6, 12, 7], "texture": "#0"},
				"west": {"uv": [11, 6, 12, 7], "texture": "#0"},
				"up": {"uv": [11, 6, 12, 7], "texture": "#0"},
				"down": {"uv": [11, 6, 12, 7], "texture": "#0"}
			}
		},
		{
			"from": [11, 0, 9],
			"to": [12, 1, 10],
			"faces": {
				"north": {"uv": [11, 9, 12, 10], "texture": "#0"},
				"east": {"uv": [11, 9, 12, 10], "texture": "#0"},
				"south": {"uv": [11, 9, 12, 10], "texture": "#0"},
				"west": {"uv": [11, 9, 12, 10], "texture": "#0"},
				"up": {"uv": [11, 9, 12, 10], "texture": "#0"},
				"down": {"uv": [11, 9, 12, 10], "texture": "#0"}
			}
		},
		{
			"from": [11, 0, 10],
			"to": [12, 1, 11],
			"faces": {
				"north": {"uv": [11, 10, 12, 11], "texture": "#0"},
				"east": {"uv": [11, 10, 12, 11], "texture": "#0"},
				"south": {"uv": [11, 10, 12, 11], "texture": "#0"},
				"west": {"uv": [11, 10, 12, 11], "texture": "#0"},
				"up": {"uv": [11, 10, 12, 11], "texture": "#0"},
				"down": {"uv": [11, 10, 12, 11], "texture": "#0"}
			}
		},
		{
			"from": [11, 0, 13],
			"to": [12, 1, 14],
			"faces": {
				"north": {"uv": [11, 13, 12, 14], "texture": "#0"},
				"east": {"uv": [11, 13, 12, 14], "texture": "#0"},
				"south": {"uv": [11, 13, 12, 14], "texture": "#0"},
				"west": {"uv": [11, 13, 12, 14], "texture": "#0"},
				"up": {"uv": [11, 13, 12, 14], "texture": "#0"},
				"down": {"uv": [11, 13, 12, 14], "texture": "#0"}
			}
		},
		{
			"from": [11, 0, 14],
			"to": [12, 1, 15],
			"faces": {
				"north": {"uv": [11, 14, 12, 15], "texture": "#0"},
				"east": {"uv": [11, 14, 12, 15], "texture": "#0"},
				"south": {"uv": [11, 14, 12, 15], "texture": "#0"},
				"west": {"uv": [11, 14, 12, 15], "texture": "#0"},
				"up": {"uv": [11, 14, 12, 15], "texture": "#0"},
				"down": {"uv": [11, 14, 12, 15], "texture": "#0"}
			}
		},
		{
			"from": [12, 0, 0],
			"to": [13, 1, 1],
			"faces": {
				"north": {"uv": [12, 0, 13, 1], "texture": "#0"},
				"east": {"uv": [12, 0, 13, 1], "texture": "#0"},
				"south": {"uv": [12, 0, 13, 1], "texture": "#0"},
				"west": {"uv": [12, 0, 13, 1], "texture": "#0"},
				"up": {"uv": [12, 0, 13, 1], "texture": "#0"},
				"down": {"uv": [12, 0, 13, 1], "texture": "#0"}
			}
		},
		{
			"from": [12, 0, 1],
			"to": [13, 1, 2],
			"faces": {
				"north": {"uv": [12, 1, 13, 2], "texture": "#0"},
				"east": {"uv": [12, 1, 13, 2], "texture": "#0"},
				"south": {"uv": [12, 1, 13, 2], "texture": "#0"},
				"west": {"uv": [12, 1, 13, 2], "texture": "#0"},
				"up": {"uv": [12, 1, 13, 2], "texture": "#0"},
				"down": {"uv": [12, 1, 13, 2], "texture": "#0"}
			}
		},
		{
			"from": [12, 0, 2],
			"to": [13, 1, 3],
			"faces": {
				"north": {"uv": [12, 2, 13, 3], "texture": "#0"},
				"east": {"uv": [12, 2, 13, 3], "texture": "#0"},
				"south": {"uv": [12, 2, 13, 3], "texture": "#0"},
				"west": {"uv": [12, 2, 13, 3], "texture": "#0"},
				"up": {"uv": [12, 2, 13, 3], "texture": "#0"},
				"down": {"uv": [12, 2, 13, 3], "texture": "#0"}
			}
		},
		{
			"from": [12, 0, 3],
			"to": [13, 1, 4],
			"faces": {
				"north": {"uv": [12, 3, 13, 4], "texture": "#0"},
				"east": {"uv": [12, 3, 13, 4], "texture": "#0"},
				"south": {"uv": [12, 3, 13, 4], "texture": "#0"},
				"west": {"uv": [12, 3, 13, 4], "texture": "#0"},
				"up": {"uv": [12, 3, 13, 4], "texture": "#0"},
				"down": {"uv": [12, 3, 13, 4], "texture": "#0"}
			}
		},
		{
			"from": [12, 0, 4],
			"to": [13, 1, 5],
			"faces": {
				"north": {"uv": [12, 3, 13, 4], "texture": "#0"},
				"east": {"uv": [12, 3, 13, 4], "texture": "#0"},
				"south": {"uv": [12, 3, 13, 4], "texture": "#0"},
				"west": {"uv": [12, 3, 13, 4], "texture": "#0"},
				"up": {"uv": [12, 3, 13, 4], "texture": "#0"},
				"down": {"uv": [12, 3, 13, 4], "texture": "#0"}
			}
		},
		{
			"from": [12, 0, 4],
			"to": [13, 1, 5],
			"faces": {
				"north": {"uv": [12, 4, 13, 5], "texture": "#0"},
				"east": {"uv": [12, 4, 13, 5], "texture": "#0"},
				"south": {"uv": [12, 4, 13, 5], "texture": "#0"},
				"west": {"uv": [12, 4, 13, 5], "texture": "#0"},
				"up": {"uv": [12, 4, 13, 5], "texture": "#0"},
				"down": {"uv": [12, 4, 13, 5], "texture": "#0"}
			}
		},
		{
			"from": [12, 0, 5],
			"to": [13, 1, 6],
			"faces": {
				"north": {"uv": [12, 5, 13, 6], "texture": "#0"},
				"east": {"uv": [12, 5, 13, 6], "texture": "#0"},
				"south": {"uv": [12, 5, 13, 6], "texture": "#0"},
				"west": {"uv": [12, 5, 13, 6], "texture": "#0"},
				"up": {"uv": [12, 5, 13, 6], "texture": "#0"},
				"down": {"uv": [12, 5, 13, 6], "texture": "#0"}
			}
		},
		{
			"from": [12, 0, 6],
			"to": [13, 1, 7],
			"faces": {
				"north": {"uv": [12, 6, 13, 7], "texture": "#0"},
				"east": {"uv": [12, 6, 13, 7], "texture": "#0"},
				"south": {"uv": [12, 6, 13, 7], "texture": "#0"},
				"west": {"uv": [12, 6, 13, 7], "texture": "#0"},
				"up": {"uv": [12, 6, 13, 7], "texture": "#0"},
				"down": {"uv": [12, 6, 13, 7], "texture": "#0"}
			}
		},
		{
			"from": [12, 0, 7],
			"to": [13, 1, 8],
			"faces": {
				"north": {"uv": [12, 7, 13, 8], "texture": "#0"},
				"east": {"uv": [12, 7, 13, 8], "texture": "#0"},
				"south": {"uv": [12, 7, 13, 8], "texture": "#0"},
				"west": {"uv": [12, 7, 13, 8], "texture": "#0"},
				"up": {"uv": [12, 7, 13, 8], "texture": "#0"},
				"down": {"uv": [12, 7, 13, 8], "texture": "#0"}
			}
		},
		{
			"from": [12, 0, 8],
			"to": [13, 1, 9],
			"faces": {
				"north": {"uv": [12, 7, 13, 8], "texture": "#0"},
				"east": {"uv": [12, 7, 13, 8], "texture": "#0"},
				"south": {"uv": [12, 7, 13, 8], "texture": "#0"},
				"west": {"uv": [12, 7, 13, 8], "texture": "#0"},
				"up": {"uv": [12, 7, 13, 8], "texture": "#0"},
				"down": {"uv": [12, 7, 13, 8], "texture": "#0"}
			}
		},
		{
			"from": [12, 0, 8],
			"to": [13, 1, 9],
			"faces": {
				"north": {"uv": [12, 8, 13, 9], "texture": "#0"},
				"east": {"uv": [12, 8, 13, 9], "texture": "#0"},
				"south": {"uv": [12, 8, 13, 9], "texture": "#0"},
				"west": {"uv": [12, 8, 13, 9], "texture": "#0"},
				"up": {"uv": [12, 8, 13, 9], "texture": "#0"},
				"down": {"uv": [12, 8, 13, 9], "texture": "#0"}
			}
		},
		{
			"from": [12, 0, 9],
			"to": [13, 1, 10],
			"faces": {
				"north": {"uv": [12, 9, 13, 10], "texture": "#0"},
				"east": {"uv": [12, 9, 13, 10], "texture": "#0"},
				"south": {"uv": [12, 9, 13, 10], "texture": "#0"},
				"west": {"uv": [12, 9, 13, 10], "texture": "#0"},
				"up": {"uv": [12, 9, 13, 10], "texture": "#0"},
				"down": {"uv": [12, 9, 13, 10], "texture": "#0"}
			}
		},
		{
			"from": [12, 0, 10],
			"to": [13, 1, 11],
			"faces": {
				"north": {"uv": [12, 10, 13, 11], "texture": "#0"},
				"east": {"uv": [12, 10, 13, 11], "texture": "#0"},
				"south": {"uv": [12, 10, 13, 11], "texture": "#0"},
				"west": {"uv": [12, 10, 13, 11], "texture": "#0"},
				"up": {"uv": [12, 10, 13, 11], "texture": "#0"},
				"down": {"uv": [12, 10, 13, 11], "texture": "#0"}
			}
		},
		{
			"from": [12, 0, 11],
			"to": [13, 1, 12],
			"faces": {
				"north": {"uv": [12, 11, 13, 12], "texture": "#0"},
				"east": {"uv": [12, 11, 13, 12], "texture": "#0"},
				"south": {"uv": [12, 11, 13, 12], "texture": "#0"},
				"west": {"uv": [12, 11, 13, 12], "texture": "#0"},
				"up": {"uv": [12, 11, 13, 12], "texture": "#0"},
				"down": {"uv": [12, 11, 13, 12], "texture": "#0"}
			}
		},
		{
			"from": [12, 0, 12],
			"to": [13, 1, 13],
			"faces": {
				"north": {"uv": [12, 12, 13, 13], "texture": "#0"},
				"east": {"uv": [12, 12, 13, 13], "texture": "#0"},
				"south": {"uv": [12, 12, 13, 13], "texture": "#0"},
				"west": {"uv": [12, 12, 13, 13], "texture": "#0"},
				"up": {"uv": [12, 12, 13, 13], "texture": "#0"},
				"down": {"uv": [12, 12, 13, 13], "texture": "#0"}
			}
		},
		{
			"from": [12, 0, 13],
			"to": [13, 1, 14],
			"faces": {
				"north": {"uv": [12, 13, 13, 14], "texture": "#0"},
				"east": {"uv": [12, 13, 13, 14], "texture": "#0"},
				"south": {"uv": [12, 13, 13, 14], "texture": "#0"},
				"west": {"uv": [12, 13, 13, 14], "texture": "#0"},
				"up": {"uv": [12, 13, 13, 14], "texture": "#0"},
				"down": {"uv": [12, 13, 13, 14], "texture": "#0"}
			}
		},
		{
			"from": [12, 0, 14],
			"to": [13, 1, 15],
			"faces": {
				"north": {"uv": [12, 14, 13, 15], "texture": "#0"},
				"east": {"uv": [12, 14, 13, 15], "texture": "#0"},
				"south": {"uv": [12, 14, 13, 15], "texture": "#0"},
				"west": {"uv": [12, 14, 13, 15], "texture": "#0"},
				"up": {"uv": [12, 14, 13, 15], "texture": "#0"},
				"down": {"uv": [12, 14, 13, 15], "texture": "#0"}
			}
		},
		{
			"from": [12, 0, 15],
			"to": [13, 1, 16],
			"faces": {
				"north": {"uv": [12, 15, 13, 16], "texture": "#0"},
				"east": {"uv": [12, 15, 13, 16], "texture": "#0"},
				"south": {"uv": [12, 15, 13, 16], "texture": "#0"},
				"west": {"uv": [12, 15, 13, 16], "texture": "#0"},
				"up": {"uv": [12, 15, 13, 16], "texture": "#0"},
				"down": {"uv": [12, 15, 13, 16], "texture": "#0"}
			}
		},
		{
			"from": [12, 0, 15],
			"to": [13, 1, 16],
			"faces": {
				"north": {"uv": [12, 15, 13, 16], "texture": "#0"},
				"east": {"uv": [12, 15, 13, 16], "texture": "#0"},
				"south": {"uv": [12, 15, 13, 16], "texture": "#0"},
				"west": {"uv": [12, 15, 13, 16], "texture": "#0"},
				"up": {"uv": [12, 15, 13, 16], "texture": "#0"},
				"down": {"uv": [12, 15, 13, 16], "texture": "#0"}
			}
		},
		{
			"from": [13, 0, 0],
			"to": [14, 1, 1],
			"faces": {
				"north": {"uv": [13, 0, 14, 1], "texture": "#0"},
				"east": {"uv": [13, 0, 14, 1], "texture": "#0"},
				"south": {"uv": [13, 0, 14, 1], "texture": "#0"},
				"west": {"uv": [13, 0, 14, 1], "texture": "#0"},
				"up": {"uv": [13, 0, 14, 1], "texture": "#0"},
				"down": {"uv": [13, 0, 14, 1], "texture": "#0"}
			}
		},
		{
			"from": [13, 0, 1],
			"to": [14, 1, 2],
			"faces": {
				"north": {"uv": [13, 1, 14, 2], "texture": "#0"},
				"east": {"uv": [13, 1, 14, 2], "texture": "#0"},
				"south": {"uv": [13, 1, 14, 2], "texture": "#0"},
				"west": {"uv": [13, 1, 14, 2], "texture": "#0"},
				"up": {"uv": [13, 1, 14, 2], "texture": "#0"},
				"down": {"uv": [13, 1, 14, 2], "texture": "#0"}
			}
		},
		{
			"from": [13, 0, 2],
			"to": [14, 1, 3],
			"faces": {
				"north": {"uv": [13, 2, 14, 3], "texture": "#0"},
				"east": {"uv": [13, 2, 14, 3], "texture": "#0"},
				"south": {"uv": [13, 2, 14, 3], "texture": "#0"},
				"west": {"uv": [13, 2, 14, 3], "texture": "#0"},
				"up": {"uv": [13, 2, 14, 3], "texture": "#0"},
				"down": {"uv": [13, 2, 14, 3], "texture": "#0"}
			}
		},
		{
			"from": [13, 0, 3],
			"to": [14, 1, 4],
			"faces": {
				"north": {"uv": [13, 3, 14, 4], "texture": "#0"},
				"east": {"uv": [13, 3, 14, 4], "texture": "#0"},
				"south": {"uv": [13, 3, 14, 4], "texture": "#0"},
				"west": {"uv": [13, 3, 14, 4], "texture": "#0"},
				"up": {"uv": [13, 3, 14, 4], "texture": "#0"},
				"down": {"uv": [13, 3, 14, 4], "texture": "#0"}
			}
		},
		{
			"from": [13, 0, 4],
			"to": [14, 1, 5],
			"faces": {
				"north": {"uv": [13, 3, 14, 4], "texture": "#0"},
				"east": {"uv": [13, 3, 14, 4], "texture": "#0"},
				"south": {"uv": [13, 3, 14, 4], "texture": "#0"},
				"west": {"uv": [13, 3, 14, 4], "texture": "#0"},
				"up": {"uv": [13, 3, 14, 4], "texture": "#0"},
				"down": {"uv": [13, 3, 14, 4], "texture": "#0"}
			}
		},
		{
			"from": [13, 0, 4],
			"to": [14, 1, 5],
			"faces": {
				"north": {"uv": [13, 4, 14, 5], "texture": "#0"},
				"east": {"uv": [13, 4, 14, 5], "texture": "#0"},
				"south": {"uv": [13, 4, 14, 5], "texture": "#0"},
				"west": {"uv": [13, 4, 14, 5], "texture": "#0"},
				"up": {"uv": [13, 4, 14, 5], "texture": "#0"},
				"down": {"uv": [13, 4, 14, 5], "texture": "#0"}
			}
		},
		{
			"from": [13, 0, 5],
			"to": [14, 1, 6],
			"faces": {
				"north": {"uv": [13, 5, 14, 6], "texture": "#0"},
				"east": {"uv": [13, 5, 14, 6], "texture": "#0"},
				"south": {"uv": [13, 5, 14, 6], "texture": "#0"},
				"west": {"uv": [13, 5, 14, 6], "texture": "#0"},
				"up": {"uv": [13, 5, 14, 6], "texture": "#0"},
				"down": {"uv": [13, 5, 14, 6], "texture": "#0"}
			}
		},
		{
			"from": [13, 0, 6],
			"to": [14, 1, 7],
			"faces": {
				"north": {"uv": [13, 6, 14, 7], "texture": "#0"},
				"east": {"uv": [13, 6, 14, 7], "texture": "#0"},
				"south": {"uv": [13, 6, 14, 7], "texture": "#0"},
				"west": {"uv": [13, 6, 14, 7], "texture": "#0"},
				"up": {"uv": [13, 6, 14, 7], "texture": "#0"},
				"down": {"uv": [13, 6, 14, 7], "texture": "#0"}
			}
		},
		{
			"from": [13, 0, 7],
			"to": [14, 1, 8],
			"faces": {
				"north": {"uv": [13, 7, 14, 8], "texture": "#0"},
				"east": {"uv": [13, 7, 14, 8], "texture": "#0"},
				"south": {"uv": [13, 7, 14, 8], "texture": "#0"},
				"west": {"uv": [13, 7, 14, 8], "texture": "#0"},
				"up": {"uv": [13, 7, 14, 8], "texture": "#0"},
				"down": {"uv": [13, 7, 14, 8], "texture": "#0"}
			}
		},
		{
			"from": [13, 0, 8],
			"to": [14, 1, 9],
			"faces": {
				"north": {"uv": [13, 7, 14, 8], "texture": "#0"},
				"east": {"uv": [13, 7, 14, 8], "texture": "#0"},
				"south": {"uv": [13, 7, 14, 8], "texture": "#0"},
				"west": {"uv": [13, 7, 14, 8], "texture": "#0"},
				"up": {"uv": [13, 7, 14, 8], "texture": "#0"},
				"down": {"uv": [13, 7, 14, 8], "texture": "#0"}
			}
		},
		{
			"from": [13, 0, 8],
			"to": [14, 1, 9],
			"faces": {
				"north": {"uv": [13, 8, 14, 9], "texture": "#0"},
				"east": {"uv": [13, 8, 14, 9], "texture": "#0"},
				"south": {"uv": [13, 8, 14, 9], "texture": "#0"},
				"west": {"uv": [13, 8, 14, 9], "texture": "#0"},
				"up": {"uv": [13, 8, 14, 9], "texture": "#0"},
				"down": {"uv": [13, 8, 14, 9], "texture": "#0"}
			}
		},
		{
			"from": [13, 0, 9],
			"to": [14, 1, 10],
			"faces": {
				"north": {"uv": [13, 9, 14, 10], "texture": "#0"},
				"east": {"uv": [13, 9, 14, 10], "texture": "#0"},
				"south": {"uv": [13, 9, 14, 10], "texture": "#0"},
				"west": {"uv": [13, 9, 14, 10], "texture": "#0"},
				"up": {"uv": [13, 9, 14, 10], "texture": "#0"},
				"down": {"uv": [13, 9, 14, 10], "texture": "#0"}
			}
		},
		{
			"from": [13, 0, 10],
			"to": [14, 1, 11],
			"faces": {
				"north": {"uv": [13, 10, 14, 11], "texture": "#0"},
				"east": {"uv": [13, 10, 14, 11], "texture": "#0"},
				"south": {"uv": [13, 10, 14, 11], "texture": "#0"},
				"west": {"uv": [13, 10, 14, 11], "texture": "#0"},
				"up": {"uv": [13, 10, 14, 11], "texture": "#0"},
				"down": {"uv": [13, 10, 14, 11], "texture": "#0"}
			}
		},
		{
			"from": [13, 0, 11],
			"to": [14, 1, 12],
			"faces": {
				"north": {"uv": [13, 11, 14, 12], "texture": "#0"},
				"east": {"uv": [13, 11, 14, 12], "texture": "#0"},
				"south": {"uv": [13, 11, 14, 12], "texture": "#0"},
				"west": {"uv": [13, 11, 14, 12], "texture": "#0"},
				"up": {"uv": [13, 11, 14, 12], "texture": "#0"},
				"down": {"uv": [13, 11, 14, 12], "texture": "#0"}
			}
		},
		{
			"from": [13, 0, 12],
			"to": [14, 1, 13],
			"faces": {
				"north": {"uv": [13, 12, 14, 13], "texture": "#0"},
				"east": {"uv": [13, 12, 14, 13], "texture": "#0"},
				"south": {"uv": [13, 12, 14, 13], "texture": "#0"},
				"west": {"uv": [13, 12, 14, 13], "texture": "#0"},
				"up": {"uv": [13, 12, 14, 13], "texture": "#0"},
				"down": {"uv": [13, 12, 14, 13], "texture": "#0"}
			}
		},
		{
			"from": [13, 0, 13],
			"to": [14, 1, 14],
			"faces": {
				"north": {"uv": [13, 13, 14, 14], "texture": "#0"},
				"east": {"uv": [13, 13, 14, 14], "texture": "#0"},
				"south": {"uv": [13, 13, 14, 14], "texture": "#0"},
				"west": {"uv": [13, 13, 14, 14], "texture": "#0"},
				"up": {"uv": [13, 13, 14, 14], "texture": "#0"},
				"down": {"uv": [13, 13, 14, 14], "texture": "#0"}
			}
		},
		{
			"from": [13, 0, 14],
			"to": [14, 1, 15],
			"faces": {
				"north": {"uv": [13, 14, 14, 15], "texture": "#0"},
				"east": {"uv": [13, 14, 14, 15], "texture": "#0"},
				"south": {"uv": [13, 14, 14, 15], "texture": "#0"},
				"west": {"uv": [13, 14, 14, 15], "texture": "#0"},
				"up": {"uv": [13, 14, 14, 15], "texture": "#0"},
				"down": {"uv": [13, 14, 14, 15], "texture": "#0"}
			}
		},
		{
			"from": [13, 0, 15],
			"to": [14, 1, 16],
			"faces": {
				"north": {"uv": [13, 15, 14, 16], "texture": "#0"},
				"east": {"uv": [13, 15, 14, 16], "texture": "#0"},
				"south": {"uv": [13, 15, 14, 16], "texture": "#0"},
				"west": {"uv": [13, 15, 14, 16], "texture": "#0"},
				"up": {"uv": [13, 15, 14, 16], "texture": "#0"},
				"down": {"uv": [13, 15, 14, 16], "texture": "#0"}
			}
		},
		{
			"from": [13, 0, 15],
			"to": [14, 1, 16],
			"faces": {
				"north": {"uv": [13, 15, 14, 16], "texture": "#0"},
				"east": {"uv": [13, 15, 14, 16], "texture": "#0"},
				"south": {"uv": [13, 15, 14, 16], "texture": "#0"},
				"west": {"uv": [13, 15, 14, 16], "texture": "#0"},
				"up": {"uv": [13, 15, 14, 16], "texture": "#0"},
				"down": {"uv": [13, 15, 14, 16], "texture": "#0"}
			}
		},
		{
			"from": [12, 1, 15],
			"to": [13, 2, 16],
			"faces": {
				"north": {"uv": [12, 15, 13, 16], "texture": "#0"},
				"east": {"uv": [12, 15, 13, 16], "texture": "#0"},
				"south": {"uv": [12, 15, 13, 16], "texture": "#0"},
				"west": {"uv": [12, 15, 13, 16], "texture": "#0"},
				"up": {"uv": [12, 15, 13, 16], "texture": "#0"},
				"down": {"uv": [12, 15, 13, 16], "texture": "#0"}
			}
		},
		{
			"from": [12, 1, 15],
			"to": [13, 2, 16],
			"faces": {
				"north": {"uv": [12, 15, 13, 16], "texture": "#0"},
				"east": {"uv": [12, 15, 13, 16], "texture": "#0"},
				"south": {"uv": [12, 15, 13, 16], "texture": "#0"},
				"west": {"uv": [12, 15, 13, 16], "texture": "#0"},
				"up": {"uv": [12, 15, 13, 16], "texture": "#0"},
				"down": {"uv": [12, 15, 13, 16], "texture": "#0"}
			}
		},
		{
			"from": [12, 1, 14],
			"to": [13, 2, 15],
			"faces": {
				"north": {"uv": [12, 14, 13, 15], "texture": "#0"},
				"east": {"uv": [12, 14, 13, 15], "texture": "#0"},
				"south": {"uv": [12, 14, 13, 15], "texture": "#0"},
				"west": {"uv": [12, 14, 13, 15], "texture": "#0"},
				"up": {"uv": [12, 14, 13, 15], "texture": "#0"},
				"down": {"uv": [12, 14, 13, 15], "texture": "#0"}
			}
		},
		{
			"from": [12, 1, 13],
			"to": [13, 2, 14],
			"faces": {
				"north": {"uv": [12, 13, 13, 14], "texture": "#0"},
				"east": {"uv": [12, 13, 13, 14], "texture": "#0"},
				"south": {"uv": [12, 13, 13, 14], "texture": "#0"},
				"west": {"uv": [12, 13, 13, 14], "texture": "#0"},
				"up": {"uv": [12, 13, 13, 14], "texture": "#0"},
				"down": {"uv": [12, 13, 13, 14], "texture": "#0"}
			}
		},
		{
			"from": [12, 1, 12],
			"to": [13, 2, 13],
			"faces": {
				"north": {"uv": [12, 12, 13, 13], "texture": "#0"},
				"east": {"uv": [12, 12, 13, 13], "texture": "#0"},
				"south": {"uv": [12, 12, 13, 13], "texture": "#0"},
				"west": {"uv": [12, 12, 13, 13], "texture": "#0"},
				"up": {"uv": [12, 12, 13, 13], "texture": "#0"},
				"down": {"uv": [12, 12, 13, 13], "texture": "#0"}
			}
		},
		{
			"from": [12, 1, 11],
			"to": [13, 2, 12],
			"faces": {
				"north": {"uv": [12, 11, 13, 12], "texture": "#0"},
				"east": {"uv": [12, 11, 13, 12], "texture": "#0"},
				"south": {"uv": [12, 11, 13, 12], "texture": "#0"},
				"west": {"uv": [12, 11, 13, 12], "texture": "#0"},
				"up": {"uv": [12, 11, 13, 12], "texture": "#0"},
				"down": {"uv": [12, 11, 13, 12], "texture": "#0"}
			}
		},
		{
			"from": [12, 1, 10],
			"to": [13, 2, 11],
			"faces": {
				"north": {"uv": [12, 10, 13, 11], "texture": "#0"},
				"east": {"uv": [12, 10, 13, 11], "texture": "#0"},
				"south": {"uv": [12, 10, 13, 11], "texture": "#0"},
				"west": {"uv": [12, 10, 13, 11], "texture": "#0"},
				"up": {"uv": [12, 10, 13, 11], "texture": "#0"},
				"down": {"uv": [12, 10, 13, 11], "texture": "#0"}
			}
		},
		{
			"from": [12, 1, 9],
			"to": [13, 2, 10],
			"faces": {
				"north": {"uv": [12, 9, 13, 10], "texture": "#0"},
				"east": {"uv": [12, 9, 13, 10], "texture": "#0"},
				"south": {"uv": [12, 9, 13, 10], "texture": "#0"},
				"west": {"uv": [12, 9, 13, 10], "texture": "#0"},
				"up": {"uv": [12, 9, 13, 10], "texture": "#0"},
				"down": {"uv": [12, 9, 13, 10], "texture": "#0"}
			}
		},
		{
			"from": [12, 1, 8],
			"to": [13, 2, 9],
			"faces": {
				"north": {"uv": [12, 8, 13, 9], "texture": "#0"},
				"east": {"uv": [12, 8, 13, 9], "texture": "#0"},
				"south": {"uv": [12, 8, 13, 9], "texture": "#0"},
				"west": {"uv": [12, 8, 13, 9], "texture": "#0"},
				"up": {"uv": [12, 8, 13, 9], "texture": "#0"},
				"down": {"uv": [12, 8, 13, 9], "texture": "#0"}
			}
		},
		{
			"from": [12, 1, 8],
			"to": [13, 2, 9],
			"faces": {
				"north": {"uv": [12, 7, 13, 8], "texture": "#0"},
				"east": {"uv": [12, 7, 13, 8], "texture": "#0"},
				"south": {"uv": [12, 7, 13, 8], "texture": "#0"},
				"west": {"uv": [12, 7, 13, 8], "texture": "#0"},
				"up": {"uv": [12, 7, 13, 8], "texture": "#0"},
				"down": {"uv": [12, 7, 13, 8], "texture": "#0"}
			}
		},
		{
			"from": [12, 1, 7],
			"to": [13, 2, 8],
			"faces": {
				"north": {"uv": [12, 7, 13, 8], "texture": "#0"},
				"east": {"uv": [12, 7, 13, 8], "texture": "#0"},
				"south": {"uv": [12, 7, 13, 8], "texture": "#0"},
				"west": {"uv": [12, 7, 13, 8], "texture": "#0"},
				"up": {"uv": [12, 7, 13, 8], "texture": "#0"},
				"down": {"uv": [12, 7, 13, 8], "texture": "#0"}
			}
		},
		{
			"from": [12, 1, 6],
			"to": [13, 2, 7],
			"faces": {
				"north": {"uv": [12, 6, 13, 7], "texture": "#0"},
				"east": {"uv": [12, 6, 13, 7], "texture": "#0"},
				"south": {"uv": [12, 6, 13, 7], "texture": "#0"},
				"west": {"uv": [12, 6, 13, 7], "texture": "#0"},
				"up": {"uv": [12, 6, 13, 7], "texture": "#0"},
				"down": {"uv": [12, 6, 13, 7], "texture": "#0"}
			}
		},
		{
			"from": [12, 1, 5],
			"to": [13, 2, 6],
			"faces": {
				"north": {"uv": [12, 5, 13, 6], "texture": "#0"},
				"east": {"uv": [12, 5, 13, 6], "texture": "#0"},
				"south": {"uv": [12, 5, 13, 6], "texture": "#0"},
				"west": {"uv": [12, 5, 13, 6], "texture": "#0"},
				"up": {"uv": [12, 5, 13, 6], "texture": "#0"},
				"down": {"uv": [12, 5, 13, 6], "texture": "#0"}
			}
		},
		{
			"from": [12, 1, 4],
			"to": [13, 2, 5],
			"faces": {
				"north": {"uv": [12, 4, 13, 5], "texture": "#0"},
				"east": {"uv": [12, 4, 13, 5], "texture": "#0"},
				"south": {"uv": [12, 4, 13, 5], "texture": "#0"},
				"west": {"uv": [12, 4, 13, 5], "texture": "#0"},
				"up": {"uv": [12, 4, 13, 5], "texture": "#0"},
				"down": {"uv": [12, 4, 13, 5], "texture": "#0"}
			}
		},
		{
			"from": [12, 1, 4],
			"to": [13, 2, 5],
			"faces": {
				"north": {"uv": [12, 3, 13, 4], "texture": "#0"},
				"east": {"uv": [12, 3, 13, 4], "texture": "#0"},
				"south": {"uv": [12, 3, 13, 4], "texture": "#0"},
				"west": {"uv": [12, 3, 13, 4], "texture": "#0"},
				"up": {"uv": [12, 3, 13, 4], "texture": "#0"},
				"down": {"uv": [12, 3, 13, 4], "texture": "#0"}
			}
		},
		{
			"from": [12, 1, 3],
			"to": [13, 2, 4],
			"faces": {
				"north": {"uv": [12, 3, 13, 4], "texture": "#0"},
				"east": {"uv": [12, 3, 13, 4], "texture": "#0"},
				"south": {"uv": [12, 3, 13, 4], "texture": "#0"},
				"west": {"uv": [12, 3, 13, 4], "texture": "#0"},
				"up": {"uv": [12, 3, 13, 4], "texture": "#0"},
				"down": {"uv": [12, 3, 13, 4], "texture": "#0"}
			}
		},
		{
			"from": [12, 1, 2],
			"to": [13, 2, 3],
			"faces": {
				"north": {"uv": [12, 2, 13, 3], "texture": "#0"},
				"east": {"uv": [12, 2, 13, 3], "texture": "#0"},
				"south": {"uv": [12, 2, 13, 3], "texture": "#0"},
				"west": {"uv": [12, 2, 13, 3], "texture": "#0"},
				"up": {"uv": [12, 2, 13, 3], "texture": "#0"},
				"down": {"uv": [12, 2, 13, 3], "texture": "#0"}
			}
		},
		{
			"from": [12, 1, 1],
			"to": [13, 2, 2],
			"faces": {
				"north": {"uv": [12, 1, 13, 2], "texture": "#0"},
				"east": {"uv": [12, 1, 13, 2], "texture": "#0"},
				"south": {"uv": [12, 1, 13, 2], "texture": "#0"},
				"west": {"uv": [12, 1, 13, 2], "texture": "#0"},
				"up": {"uv": [12, 1, 13, 2], "texture": "#0"},
				"down": {"uv": [12, 1, 13, 2], "texture": "#0"}
			}
		},
		{
			"from": [12, 1, 0],
			"to": [13, 2, 1],
			"faces": {
				"north": {"uv": [12, 0, 13, 1], "texture": "#0"},
				"east": {"uv": [12, 0, 13, 1], "texture": "#0"},
				"south": {"uv": [12, 0, 13, 1], "texture": "#0"},
				"west": {"uv": [12, 0, 13, 1], "texture": "#0"},
				"up": {"uv": [12, 0, 13, 1], "texture": "#0"},
				"down": {"uv": [12, 0, 13, 1], "texture": "#0"}
			}
		},
		{
			"from": [13, 1, 15],
			"to": [14, 2, 16],
			"faces": {
				"north": {"uv": [13, 15, 14, 16], "texture": "#0"},
				"east": {"uv": [13, 15, 14, 16], "texture": "#0"},
				"south": {"uv": [13, 15, 14, 16], "texture": "#0"},
				"west": {"uv": [13, 15, 14, 16], "texture": "#0"},
				"up": {"uv": [13, 15, 14, 16], "texture": "#0"},
				"down": {"uv": [13, 15, 14, 16], "texture": "#0"}
			}
		},
		{
			"from": [13, 1, 15],
			"to": [14, 2, 16],
			"faces": {
				"north": {"uv": [13, 15, 14, 16], "texture": "#0"},
				"east": {"uv": [13, 15, 14, 16], "texture": "#0"},
				"south": {"uv": [13, 15, 14, 16], "texture": "#0"},
				"west": {"uv": [13, 15, 14, 16], "texture": "#0"},
				"up": {"uv": [13, 15, 14, 16], "texture": "#0"},
				"down": {"uv": [13, 15, 14, 16], "texture": "#0"}
			}
		},
		{
			"from": [13, 1, 14],
			"to": [14, 2, 15],
			"faces": {
				"north": {"uv": [13, 14, 14, 15], "texture": "#0"},
				"east": {"uv": [13, 14, 14, 15], "texture": "#0"},
				"south": {"uv": [13, 14, 14, 15], "texture": "#0"},
				"west": {"uv": [13, 14, 14, 15], "texture": "#0"},
				"up": {"uv": [13, 14, 14, 15], "texture": "#0"},
				"down": {"uv": [13, 14, 14, 15], "texture": "#0"}
			}
		},
		{
			"from": [13, 1, 13],
			"to": [14, 2, 14],
			"faces": {
				"north": {"uv": [13, 13, 14, 14], "texture": "#0"},
				"east": {"uv": [13, 13, 14, 14], "texture": "#0"},
				"south": {"uv": [13, 13, 14, 14], "texture": "#0"},
				"west": {"uv": [13, 13, 14, 14], "texture": "#0"},
				"up": {"uv": [13, 13, 14, 14], "texture": "#0"},
				"down": {"uv": [13, 13, 14, 14], "texture": "#0"}
			}
		},
		{
			"from": [13, 1, 12],
			"to": [14, 2, 13],
			"faces": {
				"north": {"uv": [13, 12, 14, 13], "texture": "#0"},
				"east": {"uv": [13, 12, 14, 13], "texture": "#0"},
				"south": {"uv": [13, 12, 14, 13], "texture": "#0"},
				"west": {"uv": [13, 12, 14, 13], "texture": "#0"},
				"up": {"uv": [13, 12, 14, 13], "texture": "#0"},
				"down": {"uv": [13, 12, 14, 13], "texture": "#0"}
			}
		},
		{
			"from": [13, 1, 11],
			"to": [14, 2, 12],
			"faces": {
				"north": {"uv": [13, 11, 14, 12], "texture": "#0"},
				"east": {"uv": [13, 11, 14, 12], "texture": "#0"},
				"south": {"uv": [13, 11, 14, 12], "texture": "#0"},
				"west": {"uv": [13, 11, 14, 12], "texture": "#0"},
				"up": {"uv": [13, 11, 14, 12], "texture": "#0"},
				"down": {"uv": [13, 11, 14, 12], "texture": "#0"}
			}
		},
		{
			"from": [13, 1, 10],
			"to": [14, 2, 11],
			"faces": {
				"north": {"uv": [13, 10, 14, 11], "texture": "#0"},
				"east": {"uv": [13, 10, 14, 11], "texture": "#0"},
				"south": {"uv": [13, 10, 14, 11], "texture": "#0"},
				"west": {"uv": [13, 10, 14, 11], "texture": "#0"},
				"up": {"uv": [13, 10, 14, 11], "texture": "#0"},
				"down": {"uv": [13, 10, 14, 11], "texture": "#0"}
			}
		},
		{
			"from": [13, 1, 9],
			"to": [14, 2, 10],
			"faces": {
				"north": {"uv": [13, 9, 14, 10], "texture": "#0"},
				"east": {"uv": [13, 9, 14, 10], "texture": "#0"},
				"south": {"uv": [13, 9, 14, 10], "texture": "#0"},
				"west": {"uv": [13, 9, 14, 10], "texture": "#0"},
				"up": {"uv": [13, 9, 14, 10], "texture": "#0"},
				"down": {"uv": [13, 9, 14, 10], "texture": "#0"}
			}
		},
		{
			"from": [13, 1, 8],
			"to": [14, 2, 9],
			"faces": {
				"north": {"uv": [13, 8, 14, 9], "texture": "#0"},
				"east": {"uv": [13, 8, 14, 9], "texture": "#0"},
				"south": {"uv": [13, 8, 14, 9], "texture": "#0"},
				"west": {"uv": [13, 8, 14, 9], "texture": "#0"},
				"up": {"uv": [13, 8, 14, 9], "texture": "#0"},
				"down": {"uv": [13, 8, 14, 9], "texture": "#0"}
			}
		},
		{
			"from": [13, 1, 8],
			"to": [14, 2, 9],
			"faces": {
				"north": {"uv": [13, 7, 14, 8], "texture": "#0"},
				"east": {"uv": [13, 7, 14, 8], "texture": "#0"},
				"south": {"uv": [13, 7, 14, 8], "texture": "#0"},
				"west": {"uv": [13, 7, 14, 8], "texture": "#0"},
				"up": {"uv": [13, 7, 14, 8], "texture": "#0"},
				"down": {"uv": [13, 7, 14, 8], "texture": "#0"}
			}
		},
		{
			"from": [13, 1, 7],
			"to": [14, 2, 8],
			"faces": {
				"north": {"uv": [13, 7, 14, 8], "texture": "#0"},
				"east": {"uv": [13, 7, 14, 8], "texture": "#0"},
				"south": {"uv": [13, 7, 14, 8], "texture": "#0"},
				"west": {"uv": [13, 7, 14, 8], "texture": "#0"},
				"up": {"uv": [13, 7, 14, 8], "texture": "#0"},
				"down": {"uv": [13, 7, 14, 8], "texture": "#0"}
			}
		},
		{
			"from": [13, 1, 6],
			"to": [14, 2, 7],
			"faces": {
				"north": {"uv": [13, 6, 14, 7], "texture": "#0"},
				"east": {"uv": [13, 6, 14, 7], "texture": "#0"},
				"south": {"uv": [13, 6, 14, 7], "texture": "#0"},
				"west": {"uv": [13, 6, 14, 7], "texture": "#0"},
				"up": {"uv": [13, 6, 14, 7], "texture": "#0"},
				"down": {"uv": [13, 6, 14, 7], "texture": "#0"}
			}
		},
		{
			"from": [13, 1, 5],
			"to": [14, 2, 6],
			"faces": {
				"north": {"uv": [13, 5, 14, 6], "texture": "#0"},
				"east": {"uv": [13, 5, 14, 6], "texture": "#0"},
				"south": {"uv": [13, 5, 14, 6], "texture": "#0"},
				"west": {"uv": [13, 5, 14, 6], "texture": "#0"},
				"up": {"uv": [13, 5, 14, 6], "texture": "#0"},
				"down": {"uv": [13, 5, 14, 6], "texture": "#0"}
			}
		},
		{
			"from": [13, 1, 4],
			"to": [14, 2, 5],
			"faces": {
				"north": {"uv": [13, 4, 14, 5], "texture": "#0"},
				"east": {"uv": [13, 4, 14, 5], "texture": "#0"},
				"south": {"uv": [13, 4, 14, 5], "texture": "#0"},
				"west": {"uv": [13, 4, 14, 5], "texture": "#0"},
				"up": {"uv": [13, 4, 14, 5], "texture": "#0"},
				"down": {"uv": [13, 4, 14, 5], "texture": "#0"}
			}
		},
		{
			"from": [13, 1, 4],
			"to": [14, 2, 5],
			"faces": {
				"north": {"uv": [13, 3, 14, 4], "texture": "#0"},
				"east": {"uv": [13, 3, 14, 4], "texture": "#0"},
				"south": {"uv": [13, 3, 14, 4], "texture": "#0"},
				"west": {"uv": [13, 3, 14, 4], "texture": "#0"},
				"up": {"uv": [13, 3, 14, 4], "texture": "#0"},
				"down": {"uv": [13, 3, 14, 4], "texture": "#0"}
			}
		},
		{
			"from": [13, 1, 3],
			"to": [14, 2, 4],
			"faces": {
				"north": {"uv": [13, 3, 14, 4], "texture": "#0"},
				"east": {"uv": [13, 3, 14, 4], "texture": "#0"},
				"south": {"uv": [13, 3, 14, 4], "texture": "#0"},
				"west": {"uv": [13, 3, 14, 4], "texture": "#0"},
				"up": {"uv": [13, 3, 14, 4], "texture": "#0"},
				"down": {"uv": [13, 3, 14, 4], "texture": "#0"}
			}
		},
		{
			"from": [13, 1, 2],
			"to": [14, 2, 3],
			"faces": {
				"north": {"uv": [13, 2, 14, 3], "texture": "#0"},
				"east": {"uv": [13, 2, 14, 3], "texture": "#0"},
				"south": {"uv": [13, 2, 14, 3], "texture": "#0"},
				"west": {"uv": [13, 2, 14, 3], "texture": "#0"},
				"up": {"uv": [13, 2, 14, 3], "texture": "#0"},
				"down": {"uv": [13, 2, 14, 3], "texture": "#0"}
			}
		},
		{
			"from": [13, 1, 1],
			"to": [14, 2, 2],
			"faces": {
				"north": {"uv": [13, 1, 14, 2], "texture": "#0"},
				"east": {"uv": [13, 1, 14, 2], "texture": "#0"},
				"south": {"uv": [13, 1, 14, 2], "texture": "#0"},
				"west": {"uv": [13, 1, 14, 2], "texture": "#0"},
				"up": {"uv": [13, 1, 14, 2], "texture": "#0"},
				"down": {"uv": [13, 1, 14, 2], "texture": "#0"}
			}
		},
		{
			"from": [13, 1, 0],
			"to": [14, 2, 1],
			"faces": {
				"north": {"uv": [13, 0, 14, 1], "texture": "#0"},
				"east": {"uv": [13, 0, 14, 1], "texture": "#0"},
				"south": {"uv": [13, 0, 14, 1], "texture": "#0"},
				"west": {"uv": [13, 0, 14, 1], "texture": "#0"},
				"up": {"uv": [13, 0, 14, 1], "texture": "#0"},
				"down": {"uv": [13, 0, 14, 1], "texture": "#0"}
			}
		},
		{
			"from": [14, 0, 1],
			"to": [15, 1, 2],
			"faces": {
				"north": {"uv": [14, 1, 15, 2], "texture": "#0"},
				"east": {"uv": [14, 1, 15, 2], "texture": "#0"},
				"south": {"uv": [14, 1, 15, 2], "texture": "#0"},
				"west": {"uv": [14, 1, 15, 2], "texture": "#0"},
				"up": {"uv": [14, 1, 15, 2], "texture": "#0"},
				"down": {"uv": [14, 1, 15, 2], "texture": "#0"}
			}
		},
		{
			"from": [14, 0, 2],
			"to": [15, 1, 3],
			"faces": {
				"north": {"uv": [14, 2, 15, 3], "texture": "#0"},
				"east": {"uv": [14, 2, 15, 3], "texture": "#0"},
				"south": {"uv": [14, 2, 15, 3], "texture": "#0"},
				"west": {"uv": [14, 2, 15, 3], "texture": "#0"},
				"up": {"uv": [14, 2, 15, 3], "texture": "#0"},
				"down": {"uv": [14, 2, 15, 3], "texture": "#0"}
			}
		},
		{
			"from": [14, 0, 5],
			"to": [15, 1, 6],
			"faces": {
				"north": {"uv": [14, 5, 15, 6], "texture": "#0"},
				"east": {"uv": [14, 5, 15, 6], "texture": "#0"},
				"south": {"uv": [14, 5, 15, 6], "texture": "#0"},
				"west": {"uv": [14, 5, 15, 6], "texture": "#0"},
				"up": {"uv": [14, 5, 15, 6], "texture": "#0"},
				"down": {"uv": [14, 5, 15, 6], "texture": "#0"}
			}
		},
		{
			"from": [14, 0, 6],
			"to": [15, 1, 7],
			"faces": {
				"north": {"uv": [14, 6, 15, 7], "texture": "#0"},
				"east": {"uv": [14, 6, 15, 7], "texture": "#0"},
				"south": {"uv": [14, 6, 15, 7], "texture": "#0"},
				"west": {"uv": [14, 6, 15, 7], "texture": "#0"},
				"up": {"uv": [14, 6, 15, 7], "texture": "#0"},
				"down": {"uv": [14, 6, 15, 7], "texture": "#0"}
			}
		},
		{
			"from": [14, 0, 9],
			"to": [15, 1, 10],
			"faces": {
				"north": {"uv": [14, 9, 15, 10], "texture": "#0"},
				"east": {"uv": [14, 9, 15, 10], "texture": "#0"},
				"south": {"uv": [14, 9, 15, 10], "texture": "#0"},
				"west": {"uv": [14, 9, 15, 10], "texture": "#0"},
				"up": {"uv": [14, 9, 15, 10], "texture": "#0"},
				"down": {"uv": [14, 9, 15, 10], "texture": "#0"}
			}
		},
		{
			"from": [14, 0, 10],
			"to": [15, 1, 11],
			"faces": {
				"north": {"uv": [14, 10, 15, 11], "texture": "#0"},
				"east": {"uv": [14, 10, 15, 11], "texture": "#0"},
				"south": {"uv": [14, 10, 15, 11], "texture": "#0"},
				"west": {"uv": [14, 10, 15, 11], "texture": "#0"},
				"up": {"uv": [14, 10, 15, 11], "texture": "#0"},
				"down": {"uv": [14, 10, 15, 11], "texture": "#0"}
			}
		},
		{
			"from": [14, 0, 13],
			"to": [15, 1, 14],
			"faces": {
				"north": {"uv": [14, 13, 15, 14], "texture": "#0"},
				"east": {"uv": [14, 13, 15, 14], "texture": "#0"},
				"south": {"uv": [14, 13, 15, 14], "texture": "#0"},
				"west": {"uv": [14, 13, 15, 14], "texture": "#0"},
				"up": {"uv": [14, 13, 15, 14], "texture": "#0"},
				"down": {"uv": [14, 13, 15, 14], "texture": "#0"}
			}
		},
		{
			"from": [14, 0, 14],
			"to": [15, 1, 15],
			"faces": {
				"north": {"uv": [14, 14, 15, 15], "texture": "#0"},
				"east": {"uv": [14, 14, 15, 15], "texture": "#0"},
				"south": {"uv": [14, 14, 15, 15], "texture": "#0"},
				"west": {"uv": [14, 14, 15, 15], "texture": "#0"},
				"up": {"uv": [14, 14, 15, 15], "texture": "#0"},
				"down": {"uv": [14, 14, 15, 15], "texture": "#0"}
			}
		}
	],
	"display": {
		"thirdperson_righthand": {
			"translation": [0, 2.5, 0],
			"scale": [0.375, 0.375, 0.375]
		},
		"thirdperson_lefthand": {
			"translation": [0, 2.5, 0],
			"scale": [0.375, 0.375, 0.375]
		},
		"firstperson_righthand": {
			"rotation": [0, 45, 0],
			"scale": [0.4, 0.4, 0.4]
		},
		"firstperson_lefthand": {
			"rotation": [0, 225, 0],
			"scale": [0.4, 0.4, 0.4]
		},
		"ground": {
			"translation": [0, 3, 0],
			"scale": [0.25, 0.25, 0.25]
		},
		"gui": {
			"rotation": [90, 0, 0],
			"scale": [0.625, 0.625, 0.625]
		},
		"fixed": {
			"rotation": [-90, 0, 0],
			"translation": [0, 0, -7.25]
		}
	}
}