{
	"credit": "Made with Blockbench",
	"parent": "minecraft:block/cross",
	"textures": {
		"1": "block/small_amethyst_bud",
		"particle": "block/small_amethyst_bud"
	},
	"elements": [
		{
			"from": [3, 0, 6.5],
			"to": [6, 3, 9.5],
			"rotation": {"angle": -22.5, "axis": "z", "origin": [3, 0, 8]},
			"faces": {
				"north": {"uv": [8, 11, 11, 14], "texture": "#1"},
				"east": {"uv": [11, 8, 14, 11], "texture": "#1"},
				"south": {"uv": [11, 11, 14, 14], "texture": "#1"},
				"west": {"uv": [8, 8, 11, 11], "texture": "#1"},
				"up": {"uv": [0, 12, 3, 15], "rotation": 90, "texture": "#1"},
				"down": {"uv": [12, 0, 15, 3], "rotation": 90, "texture": "#1"}
			}
		},
		{
			"from": [10, 0, 6.5],
			"to": [13, 3, 9.5],
			"rotation": {"angle": 22.5, "axis": "z", "origin": [13, 0, 8]},
			"faces": {
				"north": {"uv": [14, 11, 11, 14], "texture": "#1"},
				"east": {"uv": [11, 8, 8, 11], "texture": "#1"},
				"south": {"uv": [11, 11, 8, 14], "texture": "#1"},
				"west": {"uv": [14, 8, 11, 11], "texture": "#1"},
				"up": {"uv": [0, 15, 3, 12], "rotation": 270, "texture": "#1"},
				"down": {"uv": [12, 0, 15, 3], "rotation": 270, "texture": "#1"}
			}
		},
		{
			"from": [6.5, 0, 10],
			"to": [9.5, 3, 13],
			"rotation": {"angle": -22.5, "axis": "x", "origin": [8, 0, 13]},
			"faces": {
				"north": {"uv": [11, 8, 14, 11], "texture": "#1"},
				"east": {"uv": [11, 11, 14, 14], "texture": "#1"},
				"south": {"uv": [8, 8, 11, 11], "texture": "#1"},
				"west": {"uv": [8, 11, 11, 14], "texture": "#1"},
				"up": {"uv": [3, 15, 0, 12], "texture": "#1"},
				"down": {"uv": [15, 3, 12, 0], "texture": "#1"}
			}
		},
		{
			"from": [6.5, 0, 3],
			"to": [9.5, 3, 6],
			"rotation": {"angle": 22.5, "axis": "x", "origin": [8, 0, 3]},
			"faces": {
				"north": {"uv": [8, 8, 11, 11], "texture": "#1"},
				"east": {"uv": [8, 11, 11, 14], "texture": "#1"},
				"south": {"uv": [11, 8, 14, 11], "texture": "#1"},
				"west": {"uv": [11, 11, 14, 14], "texture": "#1"},
				"up": {"uv": [3, 15, 0, 12], "texture": "#1"},
				"down": {"uv": [15, 0, 12, 3], "texture": "#1"}
			}
		},
		{
			"from": [6, -1, 6.01],
			"to": [10.12132, 1.29289, 9.99],
			"rotation": {"angle": 0, "axis": "z", "origin": [8, 2, 8]},
			"faces": {
				"north": {"uv": [4, 8, 8, 9], "texture": "#1"},
				"east": {"uv": [4, 9, 8, 10], "texture": "#1"},
				"south": {"uv": [4, 10, 8, 11], "texture": "#1"},
				"west": {"uv": [4, 11, 8, 12], "texture": "#1"},
				"down": {"uv": [12, 4, 8, 8], "texture": "#1"}
			}
		},
		{
			"from": [6, 0, 6],
			"to": [10, 4, 10],
			"rotation": {"angle": 45, "axis": "z", "origin": [8, 2, 8]},
			"faces": {
				"north": {"uv": [0, 0, 4, 4], "texture": "#1"},
				"east": {"uv": [0, 4, 4, 8], "texture": "#1"},
				"south": {"uv": [4, 0, 8, 4], "texture": "#1"},
				"west": {"uv": [4, 4, 8, 8], "texture": "#1"},
				"up": {"uv": [4, 12, 0, 8], "texture": "#1"},
				"down": {"uv": [12, 0, 8, 4], "texture": "#1"}
			}
		}
	]
}