{
	"credit": "Made with Blockbench",
	"textures": {
		"0": "block/spruce_stem_1",
		"1": "block/spruce_leaves_1",
		"particle": "block/spruce_leaves_1"
	},
	"elements": [
		{
			"name": "spruce_stem_1",
			"from": [7, 0, 7],
			"to": [9, 14, 9],
			"rotation": {"angle": 0, "axis": "y", "origin": [7, 0, 7]},
			"faces": {
				"north": {"uv": [0, 0, 2, 14], "texture": "#0"},
				"east": {"uv": [2, 0, 4, 14], "texture": "#0"},
				"south": {"uv": [4, 0, 6, 14], "texture": "#0"},
				"west": {"uv": [6, 0, 8, 14], "texture": "#0"},
				"up": {"uv": [10, 2, 8, 0], "texture": "#0"},
				"down": {"uv": [10, 2, 8, 4], "texture": "#0"}
			}
		},
		{
			"name": "spruce_leaves_1",
			"from": [4, 3, 4],
			"to": [12, 7, 12],
			"rotation": {"angle": 0, "axis": "y", "origin": [7, 3, 7]},
			"faces": {
				"north": {"uv": [8, 0, 16, 4], "texture": "#1"},
				"east": {"uv": [8, 4, 16, 8], "texture": "#1"},
				"south": {"uv": [8, 8, 16, 12], "texture": "#1"},
				"west": {"uv": [8, 12, 16, 16], "texture": "#1"},
				"up": {"uv": [8, 8, 0, 0], "texture": "#1"},
				"down": {"uv": [8, 8, 0, 16], "texture": "#1"}
			}
		},
		{
			"name": "spruce_leaves_1 inverted",
			"from": [12, 7, 12],
			"to": [4, 3, 4],
			"rotation": {"angle": 0, "axis": "y", "origin": [7, 3, 7]},
			"faces": {
				"north": {"uv": [8, 12, 16, 8], "texture": "#1"},
				"east": {"uv": [8, 16, 16, 12], "texture": "#1"},
				"south": {"uv": [8, 4, 16, 0], "texture": "#1"},
				"west": {"uv": [8, 8, 16, 4], "texture": "#1"},
				"up": {"uv": [0, 8, 8, 16], "texture": "#1"},
				"down": {"uv": [0, 8, 8, 0], "texture": "#1"}
			}
		},
		{
			"name": "spruce_leaves_2",
			"from": [5, 6, 5],
			"to": [11, 11, 11],
			"rotation": {"angle": 0, "axis": "y", "origin": [7, 6, 7]},
			"faces": {
				"north": {"uv": [10, 0, 16, 5], "texture": "#1"},
				"east": {"uv": [0, 0, 6, 5], "texture": "#1"},
				"south": {"uv": [0, 5, 6, 10], "texture": "#1"},
				"west": {"uv": [10, 11, 16, 16], "texture": "#1"},
				"up": {"uv": [0, 10, 6, 16], "texture": "#1"},
				"down": {"uv": [10, 5, 16, 11], "texture": "#1"}
			}
		},
		{
			"name": "spruce_leaves_2 inverted",
			"from": [11, 11, 11],
			"to": [5, 6, 5],
			"rotation": {"angle": 0, "axis": "y", "origin": [7, 6, 7]},
			"faces": {
				"north": {"uv": [0, 10, 6, 5], "texture": "#1"},
				"east": {"uv": [10, 16, 16, 11], "texture": "#1"},
				"south": {"uv": [10, 5, 16, 0], "texture": "#1"},
				"west": {"uv": [0, 5, 6, 0], "texture": "#1"},
				"up": {"uv": [16, 5, 10, 11], "texture": "#1"},
				"down": {"uv": [6, 10, 0, 16], "texture": "#1"}
			}
		},
		{
			"name": "spruce_leaves_3",
			"from": [6, 2, 6],
			"to": [10, 15, 10],
			"rotation": {"angle": 0, "axis": "y", "origin": [7, 2, 7]},
			"faces": {
				"north": {"uv": [12, 0, 16, 13], "texture": "#1"},
				"east": {"uv": [0, 0, 4, 13], "texture": "#1"},
				"south": {"uv": [4, 0, 8, 13], "texture": "#1"},
				"west": {"uv": [8, 0, 12, 13], "texture": "#1"},
				"up": {"uv": [10, 12, 14, 16], "texture": "#1"},
				"down": {"uv": [2, 12, 6, 16], "texture": "#1"}
			}
		},
		{
			"name": "spruce_leaves_3 inverted",
			"from": [10, 15, 10],
			"to": [6, 2, 6],
			"rotation": {"angle": 0, "axis": "y", "origin": [7, 2, 7]},
			"faces": {
				"north": {"uv": [4, 13, 8, 0], "texture": "#1"},
				"east": {"uv": [8, 13, 12, 0], "texture": "#1"},
				"south": {"uv": [12, 13, 16, 0], "texture": "#1"},
				"west": {"uv": [0, 13, 4, 0], "texture": "#1"},
				"up": {"uv": [6, 12, 2, 16], "texture": "#1"},
				"down": {"uv": [14, 12, 10, 16], "texture": "#1"}
			}
		}
	]
}