{
	"credit": "Made with Blockbench",
	"textures": {
		"1": "block/spruce_door_bottom",
		"2": "block/spruce_door_side",
		"particle": "block/spruce_door_bottom"
	},
	"elements": [
		{
			"from": [0, 0, 0],
			"to": [3, 16, 3],
			"rotation": {"angle": 0, "axis": "y", "origin": [3, 2, 16]},
			"faces": {
				"north": {"uv": [3, 0, 0, 16], "texture": "#2"},
				"east": {"uv": [3, 0, 0, 16], "texture": "#1"},
				"south": {"uv": [2, 0, 3, 16], "texture": "#1"},
				"west": {"uv": [0, 0, 3, 16], "texture": "#1"},
				"down": {"uv": [12, 0, 15, 3], "rotation": 180, "texture": "#2"}
			}
		},
		{
			"from": [0, 0, 4],
			"to": [3, 16, 6],
			"rotation": {"angle": 0, "axis": "y", "origin": [3, 2, 16]},
			"faces": {
				"north": {"uv": [4, 0, 5, 16], "texture": "#1"},
				"east": {"uv": [6, 0, 4, 16], "texture": "#1"},
				"south": {"uv": [5, 0, 6, 16], "texture": "#1"},
				"west": {"uv": [4, 0, 6, 16], "texture": "#1"},
				"down": {"uv": [12, 4, 15, 6], "rotation": 180, "texture": "#2"}
			}
		},
		{
			"from": [0, 0, 7],
			"to": [3, 16, 9],
			"rotation": {"angle": 0, "axis": "y", "origin": [3, 2, 16]},
			"faces": {
				"north": {"uv": [4, 0, 5, 16], "texture": "#1"},
				"east": {"uv": [9, 0, 7, 16], "texture": "#1"},
				"south": {"uv": [8, 0, 9, 16], "texture": "#1"},
				"west": {"uv": [7, 0, 9, 16], "texture": "#1"},
				"down": {"uv": [12, 7, 15, 9], "rotation": 180, "texture": "#2"}
			}
		},
		{
			"from": [0, 0, 10],
			"to": [3, 16, 12],
			"rotation": {"angle": 0, "axis": "y", "origin": [3, 2, 16]},
			"faces": {
				"north": {"uv": [7, 0, 8, 16], "texture": "#1"},
				"east": {"uv": [6, 0, 4, 16], "texture": "#1"},
				"south": {"uv": [5, 0, 6, 16], "texture": "#1"},
				"west": {"uv": [4, 0, 6, 16], "texture": "#1"},
				"down": {"uv": [12, 10, 15, 12], "rotation": 180, "texture": "#2"}
			}
		},
		{
			"from": [0.5, 0, 9],
			"to": [2.5, 16, 10],
			"rotation": {"angle": 0, "axis": "y", "origin": [3, 2, 16]},
			"faces": {
				"east": {"uv": [10, 0, 9, 16], "texture": "#1"},
				"west": {"uv": [9, 0, 10, 16], "texture": "#1"},
				"down": {"uv": [12, 9, 14, 10], "rotation": 180, "texture": "#2"}
			}
		},
		{
			"from": [0.5, 0, 6],
			"to": [2.5, 16, 7],
			"rotation": {"angle": 0, "axis": "y", "origin": [3, 2, 16]},
			"faces": {
				"east": {"uv": [7, 0, 6, 16], "texture": "#1"},
				"west": {"uv": [6, 0, 7, 16], "texture": "#1"},
				"down": {"uv": [12, 6, 14, 7], "rotation": 180, "texture": "#2"}
			}
		},
		{
			"from": [0.5, 0, 3],
			"to": [2.5, 16, 4],
			"rotation": {"angle": 0, "axis": "y", "origin": [3, 2, 16]},
			"faces": {
				"east": {"uv": [4, 0, 3, 16], "texture": "#1"},
				"west": {"uv": [3, 0, 4, 16], "texture": "#1"},
				"down": {"uv": [12, 3, 14, 4], "rotation": 180, "texture": "#2"}
			}
		},
		{
			"from": [0.5, 0, 12],
			"to": [2.5, 16, 13],
			"rotation": {"angle": 0, "axis": "y", "origin": [3, 2, 16]},
			"faces": {
				"east": {"uv": [4, 0, 3, 16], "texture": "#1"},
				"west": {"uv": [3, 0, 4, 16], "texture": "#1"},
				"down": {"uv": [12, 12, 14, 13], "rotation": 180, "texture": "#2"}
			}
		},
		{
			"from": [0, 0, 13],
			"to": [3, 16, 16],
			"rotation": {"angle": 0, "axis": "y", "origin": [3, 2, 16]},
			"faces": {
				"north": {"uv": [7, 0, 8, 16], "texture": "#1"},
				"east": {"uv": [16, 0, 13, 16], "texture": "#1"},
				"south": {"uv": [6, 0, 9, 16], "texture": "#2"},
				"west": {"uv": [13, 0, 16, 16], "texture": "#1"},
				"down": {"uv": [12, 13, 15, 16], "rotation": 180, "texture": "#2"}
			}
		},
		{
			"from": [-0.5, 13, 13],
			"to": [0, 15, 14],
			"rotation": {"angle": 0, "axis": "y", "origin": [3, 2, 16]},
			"faces": {
				"north": {"uv": [13, 1, 14, 3], "texture": "#1"},
				"south": {"uv": [13, 1, 14, 3], "texture": "#1"},
				"west": {"uv": [13, 1, 14, 3], "texture": "#1"},
				"up": {"uv": [13, 1, 14, 2], "rotation": 180, "texture": "#1"},
				"down": {"uv": [13, 2, 14, 3], "rotation": 180, "texture": "#1"}
			}
		},
		{
			"from": [3, 13, 13],
			"to": [3.5, 15, 14],
			"rotation": {"angle": 0, "axis": "y", "origin": [3, 2, 16]},
			"faces": {
				"north": {"uv": [13, 1, 14, 3], "texture": "#1"},
				"east": {"uv": [13, 1, 14, 3], "texture": "#1"},
				"south": {"uv": [13, 1, 14, 3], "texture": "#1"},
				"up": {"uv": [13, 1, 14, 2], "rotation": 180, "texture": "#1"},
				"down": {"uv": [13, 2, 14, 3], "rotation": 180, "texture": "#1"}
			}
		},
		{
			"from": [-0.5, 15, 11],
			"to": [0, 16, 13],
			"rotation": {"angle": 0, "axis": "y", "origin": [3, 2, 16]},
			"faces": {
				"north": {"uv": [11, 0, 12, 1], "rotation": 270, "texture": "#1"},
				"east": {"uv": [13, 1, 11, 0], "texture": "#1"},
				"south": {"uv": [12, 0, 13, 1], "rotation": 180, "texture": "#1"},
				"west": {"uv": [11, 0, 13, 1], "texture": "#1"},
				"up": {"uv": [11, 0, 13, 0.5], "rotation": 90, "texture": "#1"},
				"down": {"uv": [11, 0, 13, 1], "rotation": 270, "texture": "#1"}
			}
		},
		{
			"from": [3, 15, 11],
			"to": [3.5, 16, 13],
			"rotation": {"angle": 0, "axis": "y", "origin": [3, 2, 16]},
			"faces": {
				"north": {"uv": [11, 0, 12, 1], "rotation": 270, "texture": "#1"},
				"east": {"uv": [13, 1, 11, 0], "texture": "#1"},
				"south": {"uv": [12, 0, 13, 1], "rotation": 180, "texture": "#1"},
				"west": {"uv": [11, 0, 13, 1], "texture": "#1"},
				"up": {"uv": [11, 0, 13, 0.5], "rotation": 90, "texture": "#1"},
				"down": {"uv": [11, 0, 13, 1], "rotation": 270, "texture": "#1"}
			}
		},
		{
			"from": [-0.5, 13, 10],
			"to": [0, 15, 11],
			"rotation": {"angle": 0, "axis": "y", "origin": [3, 2, 16]},
			"faces": {
				"north": {"uv": [10, 1, 11, 3], "texture": "#1"},
				"south": {"uv": [10, 1, 11, 3], "texture": "#1"},
				"west": {"uv": [10, 1, 11, 3], "texture": "#1"},
				"up": {"uv": [10, 1, 11, 2], "rotation": 180, "texture": "#1"},
				"down": {"uv": [10, 2, 11, 3], "rotation": 180, "texture": "#1"}
			}
		},
		{
			"from": [3, 13, 10],
			"to": [3.5, 15, 11],
			"rotation": {"angle": 0, "axis": "y", "origin": [3, 2, 16]},
			"faces": {
				"north": {"uv": [10, 1, 11, 3], "texture": "#1"},
				"east": {"uv": [10, 1, 11, 3], "texture": "#1"},
				"south": {"uv": [10, 1, 11, 3], "texture": "#1"},
				"up": {"uv": [10, 1, 11, 2], "rotation": 180, "texture": "#1"},
				"down": {"uv": [10, 2, 11, 3], "rotation": 180, "texture": "#1"}
			}
		},
		{
			"from": [-0.5, 12, 11],
			"to": [0, 13, 13],
			"rotation": {"angle": 0, "axis": "y", "origin": [3, 2, 16]},
			"faces": {
				"north": {"uv": [12, 3, 13, 4], "rotation": 180, "texture": "#1"},
				"east": {"uv": [11, 3, 13, 4], "rotation": 180, "texture": "#1"},
				"south": {"uv": [11, 3, 12, 4], "rotation": 180, "texture": "#1"},
				"west": {"uv": [11, 3, 13, 4], "rotation": 180, "texture": "#1"},
				"up": {"uv": [11, 3, 13, 4], "rotation": 270, "texture": "#1"},
				"down": {"uv": [11, 3, 13, 4], "rotation": 90, "texture": "#1"}
			}
		},
		{
			"from": [3, 12, 11],
			"to": [3.5, 13, 13],
			"rotation": {"angle": 0, "axis": "y", "origin": [3, 2, 16]},
			"faces": {
				"north": {"uv": [12, 3, 13, 4], "rotation": 180, "texture": "#1"},
				"east": {"uv": [11, 3, 13, 4], "rotation": 180, "texture": "#1"},
				"south": {"uv": [11, 3, 12, 4], "rotation": 180, "texture": "#1"},
				"west": {"uv": [11, 3, 13, 4], "rotation": 180, "texture": "#1"},
				"up": {"uv": [11, 3, 13, 4], "rotation": 90, "texture": "#1"},
				"down": {"uv": [11, 3, 13, 4], "rotation": 270, "texture": "#1"}
			}
		}
	]
}