{
	"ambientocclusion": false,
	"texture_size": [64, 32],
	"elements": [
		{
			"from": [1, 0, 7],
			"to": [15, 10, 9],
			"faces": {
				"west": {"uv": [4, 7, 4.5, 12], "texture": "#sign"},
				"east": {"uv": [0, 7, 0.5, 12], "texture": "#sign"},
				"north": {"uv": [0.5, 7, 4, 12], "texture": "#sign"},
				"south": {"uv": [4.5, 7, 8, 12], "texture": "#sign"},
				"up": {"uv": [4, 7, 0.5, 6], "texture": "#sign"},
				"down": {"uv": [7.5, 6, 4, 7], "texture": "#sign", "cullface": "down"}
		}},
		{
			"from": [0, 14, 6],
			"to": [16, 16, 10],
			"faces": {
				"west": {"uv": [5, 2, 6, 3], "texture": "#sign", "cullface": "west"},
				"east": {"uv": [0, 2, 1, 3], "texture": "#sign", "cullface": "east"},
				"north": {"uv": [1, 2, 5, 3], "texture": "#sign"},
				"south": {"uv": [6, 2, 10, 3], "texture": "#sign"},
				"up": {"uv": [5, 2, 1, 0], "texture": "#sign", "cullface": "up"},
				"down": {"uv": [9, 0, 5, 2], "texture": "#sign"}
		}},
		{
			"from": [2, 10, 7.5],
			"to": [5, 12, 8.5],
			"faces": {
				"north": {"uv": [0, 5, 0.75, 6], "texture": "#sign"},
				"south": {"uv": [0.75, 5, 0, 6], "texture": "#sign"},
				"up": {"uv": [0.75, 5, 0, 5.5], "texture": "#sign"}
		}},
		{
			"from": [2, 10, 7.5],
			"to": [3, 12, 8.5],
			"faces": {
				"west": {"uv": [0.5, 5, 0.75, 6], "texture": "#sign"},
				"east": {"uv": [0.5, 5, 0.75, 6], "texture": "#sign"}
		}},
		{
			"from": [4, 10, 7.5],
			"to": [5, 12, 8.5],
			"faces": {
				"west": {"uv": [0, 5, 0.25, 6], "texture": "#sign"},
				"east": {"uv": [0, 5, 0.25, 6], "texture": "#sign"}
		}},
		{
			"from": [3, 11, 6.5],
			"to": [4, 14, 9.5],
			"faces": {
				"west": {"uv": [2.25, 4, 1.5, 5.5], "texture": "#sign"},
				"east": {"uv": [1.5, 4, 2.25, 5.5], "texture": "#sign"},
				"down": {"uv": [1.5, 5, 2.25, 5.5], "texture": "#sign", "rotation": 90}
		}},
		{
			"from": [3, 11, 6.5],
			"to": [4, 14, 7.5],
			"faces": {
				"north": {"uv": [2, 4, 2.25, 5.5], "texture": "#sign"},
				"south": {"uv": [2, 4, 2.25, 5.5], "texture": "#sign"}
		}},
		{
			"from": [3, 11, 8.5],
			"to": [4, 14, 9.5],
			"faces": {
				"north": {"uv": [1.5, 4, 1.75, 5.5], "texture": "#sign"},
				"south": {"uv": [1.5, 4, 1.75, 5.5], "texture": "#sign"}
		}},
		{
			"from": [11, 10, 7.5],
			"to": [14, 12, 8.5],
			"faces": {
				"north": {"uv": [0, 5, 0.75, 6], "texture": "#sign"},
				"south": {"uv": [0.75, 5, 0, 6], "texture": "#sign"},
				"up": {"uv": [0.75, 5, 0, 5.5], "texture": "#sign"}
		}},
		{
			"from": [11, 10, 7.5],
			"to": [12, 12, 8.5],
			"faces": {
				"west": {"uv": [0.5, 5, 0.75, 6], "texture": "#sign"},
				"east": {"uv": [0.5, 5, 0.75, 6], "texture": "#sign"}
		}},
		{
			"from": [13, 10, 7.5],
			"to": [14, 12, 8.5],
			"faces": {
				"west": {"uv": [0, 5, 0.25, 6], "texture": "#sign"},
				"east": {"uv": [0, 5, 0.25, 6], "texture": "#sign"}
		}},
		{
			"from": [12, 11, 6.5],
			"to": [13, 14, 9.5],
			"faces": {
				"west": {"uv": [2.25, 4, 1.5, 5.5], "texture": "#sign"},
				"east": {"uv": [1.5, 4, 2.25, 5.5], "texture": "#sign"},
				"down": {"uv": [1.5, 5, 2.25, 5.5], "texture": "#sign", "rotation": 90}
		}},
		{
			"from": [12, 11, 6.5],
			"to": [13, 14, 7.5],
			"faces": {
				"north": {"uv": [2, 4, 2.25, 5.5], "texture": "#sign"},
				"south": {"uv": [2, 4, 2.25, 5.5], "texture": "#sign"}
		}},
		{
			"from": [12, 11, 8.5],
			"to": [13, 14, 9.5],
			"faces": {
				"north": {"uv": [1.5, 4, 1.75, 5.5], "texture": "#sign"},
				"south": {"uv": [1.5, 4, 1.75, 5.5], "texture": "#sign"}
		}}	]
}