{
    "sources": [
        {
            "type": "single",
            "resource": "minecraft:amethyst_cluster"
        },
        {
            "type": "single",
            "resource": "minecraft:large_amethyst_bud"
        },
        {
            "type": "single",
            "resource": "C:/Users/yourf/OneDrive/Documents/medium_amethyst_bud"
        },
        {
            "type": "single",
            "resource": "C:/Users/yourf/OneDrive/Documents/small_amethyst_bud"
        }
    ]
}