{
	"credit": "Made by Ecorn",
	"textures": {
		"1": "block/bamboo_door_top",
		"2": "block/bamboo_door_side",
		"particle": "block/bamboo_door_bottom"
	},
	"elements": [
		{
			"from": [0, 0, 0],
			"to": [3, 16, 4],
			"rotation": {"angle": 0, "axis": "y", "origin": [1.5, 8.75, 8]},
			"faces": {
				"north": {"uv": [9, 0, 6, 16], "texture": "#2"},
				"east": {"uv": [12, 0, 16, 16], "texture": "#particle"},
				"south": {"uv": [4, 0, 3, 16], "texture": "#particle"},
				"west": {"uv": [16, 0, 12, 16], "texture": "#particle"},
				"down": {"uv": [6, 12, 9, 16], "texture": "#2"}
			}
		},
		{
			"from": [1, 4, 4],
			"to": [2, 13, 12],
			"rotation": {"angle": 0, "axis": "y", "origin": [1.5, 8.75, 8]},
			"faces": {
				"east": {"uv": [4, 3, 12, 12], "texture": "#particle"},
				"west": {"uv": [12, 3, 4, 12], "texture": "#particle"}
			}
		},
		{
			"from": [0, 13, 4],
			"to": [3, 16, 12],
			"rotation": {"angle": 0, "axis": "y", "origin": [1.5, 8.75, 8]},
			"faces": {
				"east": {"uv": [4, 0, 12, 3], "texture": "#particle"},
				"west": {"uv": [12, 0, 4, 3], "texture": "#particle"},
				"up": {"uv": [0, 1, 3, 9], "texture": "#2"},
				"down": {"uv": [3, 2, 4, 10], "texture": "#particle"}
			}
		},
		{
			"from": [0, 0, 4],
			"to": [3, 4, 12],
			"rotation": {"angle": 0, "axis": "y", "origin": [1.5, 8.75, 8]},
			"faces": {
				"east": {"uv": [4, 12, 12, 16], "texture": "#particle"},
				"west": {"uv": [4, 12, 12, 16], "texture": "#particle"},
				"up": {"uv": [12, 12, 4, 13], "rotation": 90, "texture": "#particle"},
				"down": {"uv": [6, 4, 9, 12], "texture": "#2"}
			}
		},
		{
			"from": [0, 0, 12],
			"to": [3, 16, 16],
			"rotation": {"angle": 0, "axis": "y", "origin": [1.5, 8.75, 8]},
			"faces": {
				"north": {"uv": [3, 0, 4, 16], "texture": "#particle"},
				"east": {"uv": [0, 0, 4, 16], "texture": "#particle"},
				"south": {"uv": [0, 0, 3, 16], "texture": "#2"},
				"west": {"uv": [4, 0, 0, 16], "texture": "#particle"},
				"down": {"uv": [6, 0, 9, 4], "texture": "#2"}
			}
		},
		{
			"from": [0.5, 17, 10],
			"to": [2.5, 28, 11],
			"rotation": {"angle": 0, "axis": "y", "origin": [-0.5, 0, 0]},
			"faces": {
				"north": {"uv": [12, 0, 14, 11], "texture": "#2"},
				"east": {"uv": [10, 4, 11, 15], "texture": "#1"},
				"south": {"uv": [12, 2, 14, 13], "texture": "#2"},
				"west": {"uv": [10, 4, 11, 15], "texture": "#1"}
			}
		},
		{
			"from": [0.5, 17, 5],
			"to": [2.5, 28, 6],
			"rotation": {"angle": 0, "axis": "y", "origin": [-0.5, 0, 0]},
			"faces": {
				"north": {"uv": [12, 2, 15, 13], "texture": "#2"},
				"east": {"uv": [10, 4, 11, 15], "texture": "#1"},
				"south": {"uv": [12, 4, 14, 15], "texture": "#2"},
				"west": {"uv": [10, 4, 11, 15], "texture": "#1"}
			}
		},
		{
			"from": [1, 26, 4],
			"to": [2, 27, 5],
			"faces": {
				"east": {"uv": [1, 6, 2, 7], "texture": "#1"},
				"west": {"uv": [1, 6, 2, 7], "texture": "#1"},
				"up": {"uv": [1, 6, 2, 7], "rotation": 180, "texture": "#1"},
				"down": {"uv": [1, 6, 2, 7], "rotation": 180, "texture": "#1"}
			}
		},
		{
			"from": [1, 24, 4],
			"to": [2, 25, 5],
			"faces": {
				"east": {"uv": [1, 6, 2, 7], "texture": "#1"},
				"west": {"uv": [1, 6, 2, 7], "texture": "#1"},
				"up": {"uv": [1, 6, 2, 7], "rotation": 180, "texture": "#1"},
				"down": {"uv": [1, 6, 2, 7], "rotation": 180, "texture": "#1"}
			}
		},
		{
			"from": [1, 22, 4],
			"to": [2, 23, 5],
			"faces": {
				"east": {"uv": [1, 6, 2, 7], "texture": "#1"},
				"west": {"uv": [1, 6, 2, 7], "texture": "#1"},
				"up": {"uv": [1, 6, 2, 7], "rotation": 180, "texture": "#1"},
				"down": {"uv": [1, 6, 2, 7], "rotation": 180, "texture": "#1"}
			}
		},
		{
			"from": [1, 20, 4],
			"to": [2, 21, 5],
			"faces": {
				"east": {"uv": [1, 6, 2, 7], "texture": "#1"},
				"west": {"uv": [1, 6, 2, 7], "texture": "#1"},
				"up": {"uv": [1, 6, 2, 7], "rotation": 180, "texture": "#1"},
				"down": {"uv": [1, 6, 2, 7], "rotation": 180, "texture": "#1"}
			}
		},
		{
			"from": [1, 18, 4],
			"to": [2, 19, 5],
			"faces": {
				"east": {"uv": [1, 6, 2, 7], "texture": "#1"},
				"west": {"uv": [1, 6, 2, 7], "texture": "#1"},
				"up": {"uv": [1, 6, 2, 7], "rotation": 180, "texture": "#1"},
				"down": {"uv": [1, 6, 2, 7], "rotation": 180, "texture": "#1"}
			}
		},
		{
			"from": [1, 18, 11],
			"to": [2, 19, 12],
			"faces": {
				"east": {"uv": [1, 6, 2, 7], "texture": "#1"},
				"west": {"uv": [1, 6, 2, 7], "texture": "#1"},
				"up": {"uv": [1, 6, 2, 7], "rotation": 180, "texture": "#1"},
				"down": {"uv": [1, 6, 2, 7], "rotation": 180, "texture": "#1"}
			}
		},
		{
			"from": [1, 20, 11],
			"to": [2, 21, 12],
			"faces": {
				"east": {"uv": [1, 6, 2, 7], "texture": "#1"},
				"west": {"uv": [1, 6, 2, 7], "texture": "#1"},
				"up": {"uv": [1, 6, 2, 7], "rotation": 180, "texture": "#1"},
				"down": {"uv": [1, 6, 2, 7], "rotation": 180, "texture": "#1"}
			}
		},
		{
			"from": [1, 22, 11],
			"to": [2, 23, 12],
			"faces": {
				"east": {"uv": [1, 6, 2, 7], "texture": "#1"},
				"west": {"uv": [1, 6, 2, 7], "texture": "#1"},
				"up": {"uv": [1, 6, 2, 7], "rotation": 180, "texture": "#1"},
				"down": {"uv": [1, 6, 2, 7], "rotation": 180, "texture": "#1"}
			}
		},
		{
			"from": [1, 24, 11],
			"to": [2, 25, 12],
			"faces": {
				"east": {"uv": [1, 6, 2, 7], "texture": "#1"},
				"west": {"uv": [1, 6, 2, 7], "texture": "#1"},
				"up": {"uv": [1, 6, 2, 7], "rotation": 180, "texture": "#1"},
				"down": {"uv": [1, 6, 2, 7], "rotation": 180, "texture": "#1"}
			}
		},
		{
			"from": [1, 26, 11],
			"to": [2, 27, 12],
			"faces": {
				"east": {"uv": [1, 6, 2, 7], "texture": "#1"},
				"west": {"uv": [1, 6, 2, 7], "texture": "#1"},
				"up": {"uv": [1, 6, 2, 7], "rotation": 180, "texture": "#1"},
				"down": {"uv": [1, 6, 2, 7], "rotation": 180, "texture": "#1"}
			}
		},
		{
			"from": [1, 26, 6],
			"to": [2, 27, 10],
			"rotation": {"angle": 0, "axis": "y", "origin": [0, 8, 0]},
			"faces": {
				"east": {"uv": [13, 2, 14, 6], "rotation": 90, "texture": "#2"},
				"west": {"uv": [13, 2, 14, 6], "rotation": 90, "texture": "#2"},
				"up": {"uv": [14, 2, 13, 6], "texture": "#2"},
				"down": {"uv": [13, 2, 14, 6], "texture": "#2"}
			}
		},
		{
			"from": [1, 18, 6],
			"to": [2, 19, 10],
			"faces": {
				"east": {"uv": [13, 7, 14, 11], "rotation": 90, "texture": "#2"},
				"west": {"uv": [13, 7, 14, 11], "rotation": 90, "texture": "#2"},
				"up": {"uv": [14, 7, 13, 11], "texture": "#2"},
				"down": {"uv": [13, 7, 14, 11], "texture": "#2"}
			}
		},
		{
			"from": [0, 16, 4],
			"to": [3, 17, 12],
			"faces": {
				"east": {"uv": [4, 15, 12, 16], "texture": "#1"},
				"west": {"uv": [4, 15, 12, 16], "texture": "#1"},
				"up": {"uv": [12, 4, 15, 12], "rotation": 180, "texture": "#2"}
			}
		},
		{
			"from": [0, 16, 12],
			"to": [3, 28, 16],
			"faces": {
				"north": {"uv": [12, 3, 15, 15], "texture": "#2"},
				"east": {"uv": [0, 4, 4, 16], "texture": "#1"},
				"south": {"uv": [3, 4, 6, 16], "texture": "#2"},
				"west": {"uv": [4, 4, 0, 16], "texture": "#1"}
			}
		},
		{
			"from": [0, 16, 0],
			"to": [3, 28, 4],
			"faces": {
				"north": {"uv": [9, 4, 12, 16], "texture": "#2"},
				"east": {"uv": [12, 4, 16, 16], "texture": "#1"},
				"south": {"uv": [12, 1, 15, 13], "texture": "#2"},
				"west": {"uv": [16, 4, 12, 16], "texture": "#1"}
			}
		},
		{
			"from": [0, 28, 0],
			"to": [3, 32, 16],
			"faces": {
				"north": {"uv": [12, 0, 9, 4], "texture": "#2"},
				"east": {"uv": [0, 0, 16, 4], "texture": "#1"},
				"south": {"uv": [3, 0, 6, 4], "texture": "#2"},
				"west": {"uv": [16, 0, 0, 4], "texture": "#1"},
				"up": {"uv": [9, 0, 12, 16], "texture": "#2"},
				"down": {"uv": [13, 0, 16, 16], "texture": "#1"}
			}
		},
		{
			"from": [-0.5, 13, 2],
			"to": [0, 15, 3],
			"rotation": {"angle": 0, "axis": "y", "origin": [1.5, 8.75, 8]},
			"faces": {
				"north": {"uv": [10, 1, 10.5, 3], "texture": "#2"},
				"south": {"uv": [10, 1, 10.5, 3], "texture": "#2"},
				"west": {"uv": [10, 1, 11, 3], "texture": "#particle"},
				"up": {"uv": [10, 1, 10.5, 2], "texture": "#2"},
				"down": {"uv": [10, 1, 10.5, 2], "texture": "#2"}
			}
		},
		{
			"from": [-0.5, 13, 5],
			"to": [0, 15, 6],
			"rotation": {"angle": 0, "axis": "y", "origin": [1.5, 8.75, 8]},
			"faces": {
				"north": {"uv": [13, 1, 13.5, 3], "texture": "#2"},
				"south": {"uv": [13, 1, 13.5, 3], "texture": "#2"},
				"west": {"uv": [13, 1, 14, 3], "texture": "#particle"},
				"up": {"uv": [13, 1, 13.5, 2], "texture": "#2"},
				"down": {"uv": [13, 1, 13.5, 2], "texture": "#2"}
			}
		},
		{
			"from": [-0.5, 15, 3],
			"to": [0, 16, 5],
			"rotation": {"angle": 0, "axis": "y", "origin": [1.5, 8.75, 8]},
			"faces": {
				"north": {"uv": [10, 1, 10.5, 2], "rotation": 180, "texture": "#2"},
				"south": {"uv": [10, 1, 10.5, 2], "texture": "#2"},
				"west": {"uv": [10, 1, 11, 3], "rotation": 270, "texture": "#particle"},
				"up": {"uv": [10, 1, 10.5, 3], "texture": "#2"},
				"down": {"uv": [10, 1, 10.5, 3], "rotation": 180, "texture": "#2"}
			}
		},
		{
			"from": [-0.5, 12, 3],
			"to": [0, 13, 5],
			"rotation": {"angle": 0, "axis": "y", "origin": [1.5, 8.75, 8]},
			"faces": {
				"north": {"uv": [13, 1, 13.5, 2], "rotation": 180, "texture": "#2"},
				"east": {"uv": [13, 1, 14, 3], "rotation": 90, "texture": "#particle"},
				"south": {"uv": [13, 1, 13.5, 2], "texture": "#2"},
				"west": {"uv": [13, 1, 14, 3], "rotation": 270, "texture": "#particle"},
				"up": {"uv": [13, 1, 13.5, 3], "texture": "#2"},
				"down": {"uv": [13, 1, 13.5, 3], "rotation": 180, "texture": "#2"}
			}
		},
		{
			"from": [3, 13, 2],
			"to": [3.5, 15, 3],
			"rotation": {"angle": 0, "axis": "y", "origin": [1.5, 8.75, 8]},
			"faces": {
				"north": {"uv": [10, 1, 10.5, 3], "texture": "#2"},
				"east": {"uv": [10, 1, 11, 3], "texture": "#particle"},
				"south": {"uv": [10, 1, 10.5, 3], "texture": "#2"},
				"up": {"uv": [10, 1, 10.5, 2], "texture": "#2"},
				"down": {"uv": [10, 1, 10.5, 2], "texture": "#2"}
			}
		},
		{
			"from": [3, 15, 3],
			"to": [3.5, 16, 5],
			"rotation": {"angle": 0, "axis": "y", "origin": [1.5, 8.75, 8]},
			"faces": {
				"north": {"uv": [10, 1, 10.5, 2], "rotation": 180, "texture": "#2"},
				"east": {"uv": [10, 1, 11, 3], "rotation": 90, "texture": "#particle"},
				"south": {"uv": [10, 1, 10.5, 2], "texture": "#2"},
				"up": {"uv": [10, 1, 10.5, 3], "texture": "#2"},
				"down": {"uv": [10, 1, 10.5, 3], "rotation": 180, "texture": "#2"}
			}
		},
		{
			"from": [3, 12, 3],
			"to": [3.5, 13, 5],
			"rotation": {"angle": 0, "axis": "y", "origin": [1.5, 8.75, 8]},
			"faces": {
				"north": {"uv": [13, 1, 13.5, 2], "rotation": 180, "texture": "#2"},
				"east": {"uv": [13, 1, 14, 3], "rotation": 90, "texture": "#particle"},
				"south": {"uv": [13, 1, 13.5, 2], "texture": "#2"},
				"west": {"uv": [13, 1, 14, 3], "rotation": 270, "texture": "#particle"},
				"up": {"uv": [13, 1, 13.5, 3], "texture": "#2"},
				"down": {"uv": [13, 1, 13.5, 3], "rotation": 180, "texture": "#2"}
			}
		},
		{
			"from": [3, 13, 5],
			"to": [3.5, 15, 6],
			"rotation": {"angle": 0, "axis": "y", "origin": [1.5, 8.75, 8]},
			"faces": {
				"north": {"uv": [13, 1, 13.5, 3], "texture": "#2"},
				"east": {"uv": [13, 1, 14, 3], "texture": "#particle"},
				"south": {"uv": [13, 1, 13.5, 3], "texture": "#2"},
				"up": {"uv": [13, 1, 13.5, 2], "texture": "#2"},
				"down": {"uv": [13, 1, 13.5, 2], "texture": "#2"}
			}
		}
	],
	"display": {
		"thirdperson_righthand": {
			"rotation": [40, 50, 0],
			"translation": [0, 1, 0],
			"scale": [0.22, 0.22, 0.22]
		},
		"thirdperson_lefthand": {
			"rotation": [40, 50, 0],
			"translation": [0, -1.5, 0],
			"scale": [0.22, 0.22, 0.22]
		},
		"firstperson_righthand": {
			"rotation": [-22, 30, 0],
			"translation": [0, 1, 4],
			"scale": [0.25, 0.25, 0.25]
		},
		"firstperson_lefthand": {
			"rotation": [-16, 30, 0],
			"translation": [0, 1.5, 3],
			"scale": [0.25, 0.25, 0.25]
		},
		"ground": {
			"translation": [2, 3, 0],
			"scale": [0.25, 0.25, 0.25]
		},
		"gui": {
			"rotation": [30, 225, 0],
			"translation": [-2.5, -4.1, 0],
			"scale": [0.45, 0.45, 0.45]
		},
		"fixed": {
			"rotation": [0, -90, 0],
			"translation": [0, -3.5, 2.5],
			"scale": [0.5, 0.5, 0.5]
		}
	}
}