{
	"credit": "Made with Blockbench",
	"textures": {
		"0": "block/iron_door_bottom",
		"2": "block/iron_door_side",
		"1_0": "block/iron_door_top"
	},
	"elements": [
		{
			"from": [0, 16, 7],
			"to": [3, 18, 9],
			"rotation": {"angle": 0, "axis": "y", "origin": [0, 2, -6]},
			"faces": {
				"north": {"uv": [13, 3, 16, 5], "texture": "#1_0"},
				"east": {"uv": [7, 14, 9, 16], "texture": "#1_0"},
				"south": {"uv": [16, 2, 13, 4], "texture": "#1_0"},
				"west": {"uv": [9, 14, 7, 16], "texture": "#1_0"}
			}
		},
		{
			"from": [0.5, 16, 3],
			"to": [2.5, 18, 13],
			"rotation": {"angle": 0, "axis": "y", "origin": [0.5, -11, 0]},
			"faces": {
				"east": {"uv": [3, 14, 13, 16], "texture": "#1_0"},
				"west": {"uv": [13, 14, 3, 16], "texture": "#1_0"}
			}
		},
		{
			"from": [0, 16, 0],
			"to": [3, 32, 3],
			"faces": {
				"north": {"uv": [12, 0, 9, 16], "texture": "#2"},
				"east": {"uv": [13, 0, 16, 16], "texture": "#1_0"},
				"south": {"uv": [13, 0, 16, 16], "texture": "#1_0"},
				"west": {"uv": [16, 0, 13, 16], "texture": "#1_0"},
				"up": {"uv": [15, 16, 12, 13], "texture": "#2"}
			}
		},
		{
			"from": [0, 16, 13],
			"to": [3, 32, 16],
			"faces": {
				"north": {"uv": [16, 0, 13, 16], "texture": "#1_0"},
				"east": {"uv": [0, 0, 3, 16], "texture": "#1_0"},
				"south": {"uv": [6, 0, 3, 16], "texture": "#2"},
				"west": {"uv": [3, 0, 0, 16], "texture": "#1_0"},
				"up": {"uv": [15, 3, 12, 0], "texture": "#2"}
			}
		},
		{
			"from": [0, 18, 3],
			"to": [3, 21, 13],
			"faces": {
				"east": {"uv": [3, 11, 13, 14], "texture": "#1_0"},
				"west": {"uv": [13, 11, 3, 14], "texture": "#1_0"},
				"up": {"uv": [3, 14, 13, 11], "rotation": 90, "texture": "#1_0"},
				"down": {"uv": [3, 13, 13, 14], "rotation": 90, "texture": "#1_0"}
			}
		},
		{
			"from": [0, 29, 3],
			"to": [3, 32, 13],
			"faces": {
				"east": {"uv": [3, 0, 13, 3], "texture": "#1_0"},
				"west": {"uv": [13, 0, 3, 3], "texture": "#1_0"},
				"up": {"uv": [15, 13, 12, 3], "texture": "#2"},
				"down": {"uv": [3, 11, 13, 14], "rotation": 90, "texture": "#1_0"}
			}
		},
		{
			"from": [0, 24, 3],
			"to": [3, 26, 13],
			"faces": {
				"east": {"uv": [3, 6, 13, 8], "texture": "#1_0"},
				"west": {"uv": [13, 6, 3, 8], "texture": "#1_0"},
				"up": {"uv": [3, 14, 13, 11], "rotation": 90, "texture": "#1_0"},
				"down": {"uv": [13, 13, 3, 16], "rotation": 270, "texture": "#1_0"}
			}
		},
		{
			"from": [0, 26, 7],
			"to": [3, 29, 9],
			"faces": {
				"north": {"uv": [12, 0, 15, 3], "texture": "#1_0"},
				"east": {"uv": [7, 3, 9, 6], "texture": "#1_0"},
				"south": {"uv": [3, 11, 6, 14], "texture": "#1_0"},
				"west": {"uv": [9, 3, 7, 6], "texture": "#1_0"}
			}
		},
		{
			"from": [0, 21, 7],
			"to": [3, 24, 9],
			"faces": {
				"north": {"uv": [5, 13, 8, 16], "texture": "#1_0"},
				"east": {"uv": [7, 8, 9, 11], "texture": "#1_0"},
				"south": {"uv": [4, 11, 7, 14], "texture": "#1_0"},
				"west": {"uv": [9, 8, 7, 11], "texture": "#1_0"}
			}
		},
		{
			"from": [3, 16, 4],
			"to": [3.5, 17, 5],
			"faces": {
				"north": {"uv": [15, 3, 16, 4], "rotation": 180, "texture": "#2"},
				"east": {"uv": [15, 3, 16, 4], "rotation": 180, "texture": "#2"},
				"south": {"uv": [15, 3, 16, 4], "rotation": 180, "texture": "#2"},
				"west": {"uv": [15, 3, 16, 4], "texture": "#2"},
				"up": {"uv": [0, 0, 0, 0], "texture": "#2"},
				"down": {"uv": [15, 3, 16, 4], "texture": "#2"}
			}
		},
		{
			"from": [3, 17, 2],
			"to": [3.5, 18, 5],
			"faces": {
				"north": {"uv": [15, 1, 16, 2], "rotation": 90, "texture": "#2"},
				"east": {"uv": [15, 3, 16, 0], "rotation": 270, "texture": "#2"},
				"south": {"uv": [15, 2, 16, 3], "rotation": 90, "texture": "#2"},
				"west": {"uv": [15, 3, 16, 0], "rotation": 90, "texture": "#2"},
				"up": {"uv": [15, 0, 16, 3], "texture": "#2"},
				"down": {"uv": [15, 1, 16, 2], "rotation": 270, "texture": "#2"}
			}
		},
		{
			"from": [-0.5, 17, 2],
			"to": [0, 18, 5],
			"rotation": {"angle": 0, "axis": "y", "origin": [-3.5, 0, 0]},
			"faces": {
				"north": {"uv": [15, 0, 16, 1], "rotation": 90, "texture": "#2"},
				"east": {"uv": [15, 3, 16, 0], "rotation": 270, "texture": "#2"},
				"south": {"uv": [15, 2, 16, 3], "rotation": 90, "texture": "#2"},
				"west": {"uv": [16, 3, 15, 0], "rotation": 90, "texture": "#2"},
				"up": {"uv": [15, 0, 16, 3], "texture": "#2"},
				"down": {"uv": [15, 1, 16, 2], "rotation": 270, "texture": "#2"}
			}
		},
		{
			"from": [-0.5, 16, 4],
			"to": [0, 17, 5],
			"rotation": {"angle": 0, "axis": "y", "origin": [-3.5, 0, 0]},
			"faces": {
				"north": {"uv": [15, 3, 16, 4], "rotation": 180, "texture": "#2"},
				"east": {"uv": [15, 3, 16, 4], "rotation": 180, "texture": "#2"},
				"south": {"uv": [15, 3, 16, 4], "rotation": 180, "texture": "#2"},
				"west": {"uv": [15, 3, 16, 4], "texture": "#2"},
				"up": {"uv": [0, 0, 0, 0], "texture": "#2"},
				"down": {"uv": [15, 3, 16, 4], "texture": "#2"}
			}
		},
		{
			"from": [0, 0, 13],
			"to": [3, 16, 16],
			"faces": {
				"north": {"uv": [13, 0, 16, 16], "texture": "#0"},
				"east": {"uv": [0, 0, 3, 16], "texture": "#0"},
				"south": {"uv": [3, 0, 0, 16], "texture": "#2"},
				"west": {"uv": [3, 0, 0, 16], "texture": "#0"},
				"down": {"uv": [6, 0, 9, 3], "texture": "#2"}
			}
		},
		{
			"from": [0, 3, 7],
			"to": [3, 16, 9],
			"rotation": {"angle": 0, "axis": "y", "origin": [0, 0, -6]},
			"faces": {
				"north": {"uv": [13, 3, 16, 16], "texture": "#0"},
				"east": {"uv": [7, 0, 9, 13], "texture": "#0"},
				"south": {"uv": [16, 2, 13, 15], "texture": "#0"},
				"west": {"uv": [9, 0, 7, 13], "texture": "#0"}
			}
		},
		{
			"from": [0, 0, 3],
			"to": [3, 3, 13],
			"rotation": {"angle": 0, "axis": "y", "origin": [0, 0, -3]},
			"faces": {
				"east": {"uv": [3, 13, 13, 16], "texture": "#0"},
				"west": {"uv": [13, 13, 3, 16], "texture": "#0"},
				"up": {"uv": [4, 13, 14, 14], "rotation": 90, "texture": "#0"},
				"down": {"uv": [6, 3, 9, 13], "texture": "#2"}
			}
		},
		{
			"from": [0, 0, 0],
			"to": [3, 16, 3],
			"rotation": {"angle": 0, "axis": "y", "origin": [0, 0, -13]},
			"faces": {
				"north": {"uv": [6, 0, 9, 16], "texture": "#2"},
				"east": {"uv": [13, 0, 16, 16], "texture": "#0"},
				"south": {"uv": [16, 0, 13, 16], "texture": "#0"},
				"west": {"uv": [16, 0, 13, 16], "texture": "#0"},
				"down": {"uv": [6, 13, 9, 16], "texture": "#2"}
			}
		},
		{
			"from": [0.5, 3, 3],
			"to": [2.5, 16, 13],
			"rotation": {"angle": 0, "axis": "y", "origin": [0.5, -13, 0]},
			"faces": {
				"east": {"uv": [3, 0, 13, 13], "texture": "#0"},
				"west": {"uv": [13, 0, 3, 13], "texture": "#0"}
			}
		},
		{
			"from": [0, 6, 9],
			"to": [3, 9, 13],
			"rotation": {"angle": 0, "axis": "y", "origin": [0, -12, 0]},
			"faces": {
				"east": {"uv": [3, 7, 7, 10], "texture": "#0"},
				"west": {"uv": [7, 7, 3, 10], "texture": "#0"},
				"up": {"uv": [3, 7, 7, 8], "rotation": 270, "texture": "#0"},
				"down": {"uv": [3, 9, 7, 10], "rotation": 90, "texture": "#0"}
			}
		},
		{
			"from": [0, 6, 3],
			"to": [3, 9, 7],
			"rotation": {"angle": 0, "axis": "y", "origin": [0, -12, -6]},
			"faces": {
				"east": {"uv": [9, 7, 13, 10], "texture": "#0"},
				"west": {"uv": [13, 7, 9, 10], "texture": "#0"},
				"up": {"uv": [9, 7, 13, 8], "rotation": 270, "texture": "#0"},
				"down": {"uv": [9, 9, 13, 10], "rotation": 90, "texture": "#0"}
			}
		},
		{
			"from": [0, 12, 9],
			"to": [3, 15, 13],
			"rotation": {"angle": 0, "axis": "y", "origin": [0, -6, 0]},
			"faces": {
				"east": {"uv": [3, 1, 7, 4], "texture": "#0"},
				"west": {"uv": [7, 1, 3, 4], "texture": "#0"},
				"up": {"uv": [3, 1, 7, 2], "rotation": 270, "texture": "#0"},
				"down": {"uv": [3, 3, 7, 4], "rotation": 90, "texture": "#0"}
			}
		},
		{
			"from": [0, 12, 3],
			"to": [3, 15, 7],
			"rotation": {"angle": 0, "axis": "y", "origin": [0, -6, -6]},
			"faces": {
				"east": {"uv": [9, 1, 13, 4], "texture": "#0"},
				"west": {"uv": [13, 1, 9, 4], "texture": "#0"},
				"up": {"uv": [9, 1, 13, 2], "rotation": 270, "texture": "#0"},
				"down": {"uv": [9, 3, 13, 4], "rotation": 90, "texture": "#0"}
			}
		}
	],
	"display": {
		"thirdperson_righthand": {
			"rotation": [40, 50, 0],
			"translation": [0, 1, 0],
			"scale": [0.22, 0.22, 0.22]
		},
		"thirdperson_lefthand": {
			"rotation": [40, 50, 0],
			"translation": [0, -1.5, 0],
			"scale": [0.22, 0.22, 0.22]
		},
		"firstperson_righthand": {
			"rotation": [-22, 30, 0],
			"translation": [0, 1, 4],
			"scale": [0.25, 0.25, 0.25]
		},
		"firstperson_lefthand": {
			"rotation": [-16, 30, 0],
			"translation": [0, 1.5, 3],
			"scale": [0.25, 0.25, 0.25]
		},
		"ground": {
			"translation": [2, 3, 0],
			"scale": [0.25, 0.25, 0.25]
		},
		"gui": {
			"rotation": [30, 225, 0],
			"translation": [-2.5, -4.1, 0],
			"scale": [0.45, 0.45, 0.45]
		},
		"fixed": {
			"rotation": [0, -90, 0],
			"translation": [0, -3.5, 2.5],
			"scale": [0.5, 0.5, 0.5]
		}
	}
}