{
	"credit": "Made with Blockbench",
	"textures": {
		"2": "block/mangrove_door_side",
		"18": "block/mangrove_door_bottom",
		"19": "block/mangrove_door_top"
	},
	"elements": [
		{
			"from": [-1, 18, 2],
			"to": [0, 19, 3],
			"faces": {
				"north": {"uv": [15, 4, 16, 5], "texture": "#2"},
				"south": {"uv": [15, 3, 16, 4], "texture": "#2"},
				"west": {"uv": [15, 3, 16, 4], "rotation": 90, "texture": "#2"},
				"up": {"uv": [15, 4, 16, 3], "texture": "#2"},
				"down": {"uv": [15, 4, 16, 3], "texture": "#2"}
			}
		},
		{
			"from": [1, 16, 5],
			"to": [2, 28, 11],
			"faces": {
				"east": {"uv": [5, 4, 11, 16], "texture": "#19"},
				"west": {"uv": [5, 4, 11, 16], "texture": "#19"}
			}
		},
		{
			"from": [0, 16, 11],
			"to": [3, 32, 16],
			"faces": {
				"north": {"uv": [2, 0, 5, 16], "texture": "#19"},
				"east": {"uv": [0, 0, 5, 16], "texture": "#19"},
				"south": {"uv": [3, 0, 6, 16], "texture": "#2"},
				"west": {"uv": [5, 0, 0, 16], "texture": "#19"},
				"up": {"uv": [12, 5, 15, 0], "texture": "#2"}
			}
		},
		{
			"from": [0, 27, 5],
			"to": [3, 32, 11],
			"faces": {
				"east": {"uv": [5, 0, 11, 5], "texture": "#19"},
				"west": {"uv": [11, 0, 5, 5], "texture": "#19"},
				"up": {"uv": [12, 5, 15, 11], "texture": "#2"},
				"down": {"uv": [5, 2, 11, 5], "rotation": 270, "texture": "#19"}
			}
		},
		{
			"from": [0, 26, 10],
			"to": [3, 27, 11],
			"faces": {
				"north": {"uv": [5, 5, 8, 6], "texture": "#19"},
				"east": {"uv": [5, 5, 6, 6], "texture": "#19"},
				"west": {"uv": [5, 5, 6, 6], "texture": "#19"},
				"down": {"uv": [5, 5, 6, 8], "rotation": 270, "texture": "#19"}
			}
		},
		{
			"from": [0, 26, 5],
			"to": [3, 27, 6],
			"faces": {
				"east": {"uv": [5, 5, 6, 6], "texture": "#19"},
				"south": {"uv": [5, 5, 8, 6], "texture": "#19"},
				"west": {"uv": [5, 5, 6, 6], "texture": "#19"},
				"down": {"uv": [5, 5, 6, 8], "rotation": 270, "texture": "#19"}
			}
		},
		{
			"from": [2, 22, 6],
			"to": [2.5, 24, 10],
			"faces": {
				"north": {"uv": [6, 8, 6.5, 10], "texture": "#19"},
				"east": {"uv": [6, 8, 10, 10], "texture": "#19"},
				"south": {"uv": [6, 8, 6.5, 10], "texture": "#19"},
				"up": {"uv": [6, 8, 10, 8.5], "rotation": 90, "texture": "#19"},
				"down": {"uv": [6, 9, 10, 9.5], "rotation": 270, "texture": "#19"}
			}
		},
		{
			"from": [2, 24, 7],
			"to": [2.5, 25, 9],
			"faces": {
				"north": {"uv": [7, 7, 8, 8], "texture": "#19"},
				"east": {"uv": [7, 7, 9, 8], "texture": "#19"},
				"south": {"uv": [7, 7, 8, 8], "texture": "#19"},
				"up": {"uv": [7, 7, 9, 8], "rotation": 90, "texture": "#19"}
			}
		},
		{
			"from": [2, 21, 7],
			"to": [2.5, 22, 9],
			"faces": {
				"north": {"uv": [7, 10, 8, 11], "texture": "#19"},
				"east": {"uv": [7, 10, 9, 11], "texture": "#19"},
				"south": {"uv": [7, 10, 8, 11], "texture": "#19"},
				"down": {"uv": [7, 10, 9, 11], "rotation": 270, "texture": "#19"}
			}
		},
		{
			"from": [2, 22, 7],
			"to": [3, 24, 9],
			"faces": {
				"north": {"uv": [7, 8, 8, 10], "texture": "#19"},
				"east": {"uv": [7, 8, 9, 10], "texture": "#19"},
				"south": {"uv": [7, 8, 8, 10], "texture": "#19"},
				"up": {"uv": [9, 8, 7, 9], "rotation": 90, "texture": "#19"},
				"down": {"uv": [7, 9, 9, 10], "rotation": 270, "texture": "#19"}
			}
		},
		{
			"from": [2, 17, 7],
			"to": [2.5, 18, 9],
			"faces": {
				"north": {"uv": [7, 14, 8, 15], "texture": "#19"},
				"east": {"uv": [7, 14, 9, 15], "texture": "#19"},
				"south": {"uv": [7, 14, 8, 15], "texture": "#19"},
				"up": {"uv": [7, 14, 9, 15], "rotation": 90, "texture": "#19"}
			}
		},
		{
			"from": [2.5, 16, 7],
			"to": [3, 17, 9],
			"faces": {
				"north": {"uv": [8, 15, 9, 16], "texture": "#19"},
				"east": {"uv": [7, 15, 9, 16], "texture": "#19"},
				"south": {"uv": [7, 15, 8, 16], "texture": "#19"},
				"up": {"uv": [7, 15, 9, 16], "rotation": 90, "texture": "#19"}
			}
		},
		{
			"from": [2, 16, 6],
			"to": [2.5, 17, 10],
			"faces": {
				"north": {"uv": [6, 15, 6.5, 16], "texture": "#19"},
				"east": {"uv": [6, 15, 10, 16], "texture": "#19"},
				"south": {"uv": [6, 15, 6.5, 16], "texture": "#19"},
				"up": {"uv": [6, 15, 10, 15.5], "rotation": 90, "texture": "#19"}
			}
		},
		{
			"from": [0.5, 22, 6],
			"to": [1, 24, 10],
			"faces": {
				"north": {"uv": [6, 8, 6.5, 10], "texture": "#19"},
				"south": {"uv": [6, 8, 6.5, 10], "texture": "#19"},
				"west": {"uv": [6, 8, 10, 10], "texture": "#19"},
				"up": {"uv": [6, 8, 10, 8.5], "rotation": 270, "texture": "#19"},
				"down": {"uv": [6, 9, 10, 9.5], "rotation": 90, "texture": "#19"}
			}
		},
		{
			"from": [0.5, 24, 7],
			"to": [1, 25, 9],
			"faces": {
				"north": {"uv": [7, 7, 8, 8], "texture": "#19"},
				"south": {"uv": [7, 7, 8, 8], "texture": "#19"},
				"west": {"uv": [7, 7, 9, 8], "texture": "#19"},
				"up": {"uv": [7, 7, 9, 8], "rotation": 270, "texture": "#19"}
			}
		},
		{
			"from": [0, 22, 7],
			"to": [1, 24, 9],
			"faces": {
				"north": {"uv": [7, 8, 8, 10], "texture": "#19"},
				"south": {"uv": [7, 8, 8, 10], "texture": "#19"},
				"west": {"uv": [7, 8, 9, 10], "texture": "#19"},
				"up": {"uv": [9, 8, 7, 9], "rotation": 270, "texture": "#19"},
				"down": {"uv": [7, 9, 9, 10], "rotation": 90, "texture": "#19"}
			}
		},
		{
			"from": [0.5, 21, 7],
			"to": [1, 22, 9],
			"faces": {
				"north": {"uv": [7, 10, 8, 11], "texture": "#19"},
				"south": {"uv": [7, 10, 8, 11], "texture": "#19"},
				"west": {"uv": [7, 10, 9, 11], "texture": "#19"},
				"down": {"uv": [7, 10, 9, 11], "rotation": 90, "texture": "#19"}
			}
		},
		{
			"from": [0.5, 17, 7],
			"to": [1, 18, 9],
			"faces": {
				"north": {"uv": [7, 14, 8, 15], "texture": "#19"},
				"south": {"uv": [7, 14, 8, 15], "texture": "#19"},
				"west": {"uv": [7, 14, 9, 15], "texture": "#19"},
				"up": {"uv": [7, 14, 9, 15], "rotation": 270, "texture": "#19"}
			}
		},
		{
			"from": [0.5, 16, 6],
			"to": [1, 17, 10],
			"faces": {
				"north": {"uv": [6, 15, 6.5, 16], "texture": "#19"},
				"south": {"uv": [6, 15, 6.5, 16], "texture": "#19"},
				"west": {"uv": [6, 15, 10, 16], "texture": "#19"},
				"up": {"uv": [6, 15, 10, 15.5], "rotation": 270, "texture": "#19"}
			}
		},
		{
			"from": [0, 16, 7],
			"to": [0.5, 17, 9],
			"faces": {
				"north": {"uv": [7, 15, 8, 16], "texture": "#19"},
				"south": {"uv": [8, 15, 9, 16], "texture": "#19"},
				"west": {"uv": [7, 15, 9, 16], "texture": "#19"},
				"up": {"uv": [7, 15, 9, 16], "rotation": 270, "texture": "#19"}
			}
		},
		{
			"from": [0, 0, 0],
			"to": [3, 16, 5],
			"faces": {
				"north": {"uv": [6, 0, 9, 16], "texture": "#2"},
				"east": {"uv": [11, 0, 16, 16], "texture": "#18"},
				"south": {"uv": [2, 0, 5, 16], "texture": "#18"},
				"west": {"uv": [16, 0, 11, 16], "texture": "#18"},
				"down": {"uv": [9, 5, 12, 0], "texture": "#2"}
			}
		},
		{
			"from": [-1, 13, 2],
			"to": [0, 14, 3],
			"faces": {
				"north": {"uv": [15, 4, 15.5, 5], "texture": "#2"},
				"south": {"uv": [15, 3, 16, 4], "texture": "#2"},
				"west": {"uv": [15, 3, 16, 4], "rotation": 90, "texture": "#2"},
				"up": {"uv": [15, 4, 16, 3], "texture": "#2"},
				"down": {"uv": [15, 4, 16, 5], "texture": "#2"}
			}
		},
		{
			"from": [-1, 14, 2],
			"to": [-0.5, 16, 3],
			"faces": {
				"north": {"uv": [15, 0, 15.5, 2], "texture": "#2"},
				"east": {"uv": [15, 0, 16, 2], "texture": "#2"},
				"south": {"uv": [15, 0, 15.5, 2], "texture": "#2"},
				"west": {"uv": [15, 0, 16, 2], "texture": "#2"}
			}
		},
		{
			"from": [3, 18, 2],
			"to": [4, 19, 3],
			"rotation": {"angle": 0, "axis": "y", "origin": [3, 14, 3]},
			"faces": {
				"north": {"uv": [15, 3, 16, 4], "texture": "#2"},
				"east": {"uv": [15, 3, 16, 4], "rotation": 90, "texture": "#2"},
				"south": {"uv": [15, 4, 16, 5], "texture": "#2"},
				"up": {"uv": [15, 4, 16, 3], "rotation": 180, "texture": "#2"},
				"down": {"uv": [15, 4, 16, 3], "rotation": 180, "texture": "#2"}
			}
		},
		{
			"from": [3, 13, 2],
			"to": [4, 14, 3],
			"rotation": {"angle": 0, "axis": "y", "origin": [3, 14, 3]},
			"faces": {
				"north": {"uv": [15, 3, 16, 4], "texture": "#2"},
				"east": {"uv": [15, 3, 16, 4], "rotation": 90, "texture": "#2"},
				"south": {"uv": [15, 4, 15.5, 5], "texture": "#2"},
				"up": {"uv": [15, 4, 16, 3], "rotation": 180, "texture": "#2"},
				"down": {"uv": [15, 4, 16, 5], "rotation": 180, "texture": "#2"}
			}
		},
		{
			"from": [3.5, 14, 2],
			"to": [4, 16, 3],
			"rotation": {"angle": 0, "axis": "y", "origin": [3, 14, 3]},
			"faces": {
				"north": {"uv": [15, 0, 15.5, 2], "texture": "#2"},
				"east": {"uv": [15, 0, 16, 2], "texture": "#2"},
				"south": {"uv": [15, 0, 15.5, 2], "texture": "#2"},
				"west": {"uv": [15, 0, 16, 2], "texture": "#2"}
			}
		},
		{
			"from": [1, 5, 5],
			"to": [2, 16, 11],
			"faces": {
				"east": {"uv": [5, 0, 11, 11], "texture": "#18"},
				"west": {"uv": [5, 0, 11, 11], "texture": "#18"}
			}
		},
		{
			"from": [0, 0, 11],
			"to": [3, 16, 16],
			"faces": {
				"north": {"uv": [2, 0, 5, 16], "texture": "#18"},
				"east": {"uv": [0, 0, 5, 16], "texture": "#18"},
				"south": {"uv": [0, 0, 3, 16], "texture": "#2"},
				"west": {"uv": [5, 0, 0, 16], "texture": "#18"},
				"down": {"uv": [9, 16, 12, 11], "texture": "#2"}
			}
		},
		{
			"from": [0, 0, 5],
			"to": [3, 5, 11],
			"faces": {
				"east": {"uv": [5, 11, 11, 16], "texture": "#18"},
				"west": {"uv": [11, 11, 5, 16], "texture": "#18"},
				"up": {"uv": [5, 11, 11, 14], "rotation": 90, "texture": "#18"},
				"down": {"uv": [9, 5, 12, 11], "texture": "#2"}
			}
		},
		{
			"from": [2, 8, 6],
			"to": [2.5, 10, 10],
			"faces": {
				"north": {"uv": [6, 6, 6.5, 8], "texture": "#18"},
				"east": {"uv": [6, 6, 10, 8], "texture": "#18"},
				"south": {"uv": [6, 6, 6.5, 8], "texture": "#18"},
				"up": {"uv": [6, 6, 10, 6.5], "rotation": 90, "texture": "#18"},
				"down": {"uv": [6, 7, 10, 7.5], "rotation": 270, "texture": "#18"}
			}
		},
		{
			"from": [3.5, 16, 2],
			"to": [4, 18, 3],
			"rotation": {"angle": 0, "axis": "y", "origin": [3, 14, 3]},
			"faces": {
				"north": {"uv": [15, 2, 15.5, 0], "texture": "#2"},
				"east": {"uv": [15, 2, 16, 0], "texture": "#2"},
				"south": {"uv": [15, 2, 15.5, 0], "texture": "#2"},
				"west": {"uv": [15, 2, 16, 0], "texture": "#2"}
			}
		},
		{
			"from": [-1, 16, 2],
			"to": [-0.5, 18, 3],
			"faces": {
				"north": {"uv": [15, 2, 15.5, 0], "texture": "#2"},
				"east": {"uv": [15, 2, 16, 0], "texture": "#2"},
				"south": {"uv": [15, 2, 15.5, 0], "texture": "#2"},
				"west": {"uv": [15, 2, 16, 0], "texture": "#2"}
			}
		},
		{
			"from": [0, 16, 0],
			"to": [3, 32, 5],
			"faces": {
				"north": {"uv": [9, 0, 12, 16], "texture": "#2"},
				"east": {"uv": [11, 0, 16, 16], "texture": "#19"},
				"south": {"uv": [2, 0, 5, 16], "texture": "#19"},
				"west": {"uv": [16, 0, 11, 16], "texture": "#19"},
				"up": {"uv": [12, 16, 15, 11], "texture": "#2"}
			}
		},
		{
			"from": [0.5, 7, 7],
			"to": [1, 8, 9],
			"faces": {
				"north": {"uv": [7, 8, 8, 9], "texture": "#18"},
				"south": {"uv": [7, 8, 8, 9], "texture": "#18"},
				"west": {"uv": [7, 8, 9, 9], "texture": "#18"},
				"down": {"uv": [7, 8, 9, 9], "rotation": 90, "texture": "#18"}
			}
		},
		{
			"from": [0.5, 8, 6],
			"to": [1, 10, 10],
			"faces": {
				"north": {"uv": [6, 6, 6.5, 8], "texture": "#18"},
				"south": {"uv": [6, 6, 6.5, 8], "texture": "#18"},
				"west": {"uv": [6, 6, 10, 8], "texture": "#18"},
				"up": {"uv": [6, 6, 10, 6.5], "rotation": 270, "texture": "#18"},
				"down": {"uv": [6, 7, 10, 7.5], "rotation": 90, "texture": "#18"}
			}
		},
		{
			"from": [0, 8, 7],
			"to": [1, 10, 9],
			"faces": {
				"north": {"uv": [7, 6, 8, 8], "texture": "#18"},
				"south": {"uv": [7, 6, 8, 8], "texture": "#18"},
				"west": {"uv": [7, 6, 9, 8], "texture": "#18"},
				"up": {"uv": [7, 6, 9, 7], "rotation": 270, "texture": "#18"},
				"down": {"uv": [7, 7, 9, 8], "rotation": 90, "texture": "#18"}
			}
		},
		{
			"from": [0.5, 10, 7],
			"to": [1, 11, 9],
			"faces": {
				"north": {"uv": [7, 5, 8, 6], "texture": "#18"},
				"south": {"uv": [7, 5, 8, 6], "texture": "#18"},
				"west": {"uv": [7, 5, 9, 6], "texture": "#18"},
				"up": {"uv": [7, 5, 9, 6], "rotation": 270, "texture": "#18"}
			}
		},
		{
			"from": [0.5, 14, 7],
			"to": [1, 15, 9],
			"faces": {
				"north": {"uv": [7, 1, 8, 2], "texture": "#18"},
				"south": {"uv": [7, 1, 8, 2], "texture": "#18"},
				"west": {"uv": [7, 1, 9, 2], "texture": "#18"},
				"down": {"uv": [7, 1, 9, 2], "rotation": 90, "texture": "#18"}
			}
		},
		{
			"from": [0, 15, 7],
			"to": [1, 16, 9],
			"faces": {
				"north": {"uv": [7, 0, 8, 1], "texture": "#18"},
				"south": {"uv": [7, 0, 8, 1], "texture": "#18"},
				"west": {"uv": [7, 0, 9, 1], "texture": "#18"},
				"down": {"uv": [7, 0, 9, 1], "rotation": 90, "texture": "#18"}
			}
		},
		{
			"from": [0.5, 15, 6],
			"to": [1, 16, 10],
			"faces": {
				"north": {"uv": [6, 0, 6.5, 1], "texture": "#18"},
				"south": {"uv": [6, 0, 6.5, 1], "texture": "#18"},
				"west": {"uv": [6, 0, 10, 1], "texture": "#18"},
				"down": {"uv": [6, 0, 10, 0.5], "rotation": 90, "texture": "#18"}
			}
		},
		{
			"from": [2, 15, 6],
			"to": [2.5, 16, 10],
			"faces": {
				"north": {"uv": [6, 0, 6.5, 1], "texture": "#18"},
				"east": {"uv": [6, 0, 10, 1], "texture": "#18"},
				"south": {"uv": [6, 0, 6.5, 1], "texture": "#18"},
				"down": {"uv": [6, 0, 10, 0.5], "rotation": 270, "texture": "#18"}
			}
		},
		{
			"from": [2, 15, 7],
			"to": [3, 16, 9],
			"faces": {
				"north": {"uv": [7, 0, 8, 1], "texture": "#18"},
				"east": {"uv": [7, 0, 9, 1], "texture": "#18"},
				"south": {"uv": [7, 0, 8, 1], "texture": "#18"},
				"down": {"uv": [7, 0, 9, 1], "rotation": 270, "texture": "#18"}
			}
		},
		{
			"from": [2, 14, 7],
			"to": [2.5, 15, 9],
			"faces": {
				"north": {"uv": [7, 1, 8, 2], "texture": "#18"},
				"east": {"uv": [7, 1, 9, 2], "texture": "#18"},
				"south": {"uv": [7, 1, 8, 2], "texture": "#18"},
				"down": {"uv": [7, 1, 9, 2], "rotation": 270, "texture": "#18"}
			}
		},
		{
			"from": [2, 8, 7],
			"to": [3, 10, 9],
			"faces": {
				"north": {"uv": [7, 6, 8, 8], "texture": "#18"},
				"east": {"uv": [7, 6, 9, 8], "texture": "#18"},
				"south": {"uv": [7, 6, 8, 8], "texture": "#18"},
				"up": {"uv": [9, 6, 7, 7], "rotation": 90, "texture": "#18"},
				"down": {"uv": [7, 7, 9, 8], "rotation": 270, "texture": "#18"}
			}
		},
		{
			"from": [2, 7, 7],
			"to": [2.5, 8, 9],
			"faces": {
				"north": {"uv": [7, 8, 8, 9], "texture": "#18"},
				"east": {"uv": [7, 8, 9, 9], "texture": "#18"},
				"south": {"uv": [7, 8, 8, 9], "texture": "#18"},
				"down": {"uv": [7, 8, 9, 9], "rotation": 270, "texture": "#18"}
			}
		},
		{
			"from": [2, 10, 7],
			"to": [2.5, 11, 9],
			"faces": {
				"north": {"uv": [7, 5, 8, 6], "texture": "#18"},
				"east": {"uv": [7, 5, 9, 6], "texture": "#18"},
				"south": {"uv": [7, 5, 8, 6], "texture": "#18"},
				"up": {"uv": [7, 5, 9, 6], "rotation": 90, "texture": "#18"}
			}
		}
	],
	"display": {
		"thirdperson_righthand": {
			"rotation": [40, 50, 0],
			"translation": [0, 1, 0],
			"scale": [0.22, 0.22, 0.22]
		},
		"thirdperson_lefthand": {
			"rotation": [40, 50, 0],
			"translation": [0, -1.5, 0],
			"scale": [0.22, 0.22, 0.22]
		},
		"firstperson_righthand": {
			"rotation": [-22, 30, 0],
			"translation": [0, 1, 4],
			"scale": [0.25, 0.25, 0.25]
		},
		"firstperson_lefthand": {
			"rotation": [-16, 30, 0],
			"translation": [0, 1.5, 3],
			"scale": [0.25, 0.25, 0.25]
		},
		"ground": {
			"translation": [2, 3, 0],
			"scale": [0.25, 0.25, 0.25]
		},
		"gui": {
			"rotation": [30, 225, 0],
			"translation": [-2.5, -4.1, 0],
			"scale": [0.45, 0.45, 0.45]
		},
		"fixed": {
			"rotation": [0, -90, 0],
			"translation": [0, -3.5, 2.5],
			"scale": [0.5, 0.5, 0.5]
		}
	}
}